Workbook

Sheet Jan-fév-mars-avril-mai-juin
B2: ETAT DES SALAIRES KS SARL
B3: Période: | D3: JUILLET - AOUT - SEPTEMBRE 2026
B4: N° | C4: Nom&Prénom | D4: DATE D'ENTREE | E4: 46023 | F4: 46054 | G4: 46082 | H4: 46113 | I4: 46143 | J4: 46174
B5: 1 | C5: OUEDRAOGO Abdoul Ganiyou | D5: 45881 | E5: 165340 | F5: 225778 | G5: 225778 | H5: 225778 | I5: 225778 | J5: 346515
B6: 2 | C6: OUEDRAOGO Mohamed | D6: 45778 | E6: 0 | F6: 0 | G6: 213563 | H6: 213563 | I6: 213563 | J6: 225778
B7: 3 | C7: SAWADOGO Ibrahim | D7: 45912 | E7: 0 | F7: 0 | G7: 213566 | H7: 213566 | I7: 213566 | J7: 225778
B8: 4 | C8: SALO Arouna | D8: 45778 | E8: 0 | F8: 0 | G8: 0 | H8: 213566 | I8: 213566 | J8: 213566
B9: 5 | C9: ILBOUDO Jean Marie | D9: 46000 | E9: 0 | F9: 0 | G9: 0 | H9: 177387 | I9: 177387 | J9: 177387
B10: 6 | C10: KOMPAORE Anicet | D10: 45778 | E10: 165340 | F10: 225778 | G10: 225778 | H10: 225778 | I10: 225778 | J10: 225778
B11: 7 | C11: BASSOLE Ines | D11: 45677 | E11: 286055 | F11: 286055 | G11: 286055 | H11: 286055 | I11: 346515 | J11: 346515
B12: 8 | C12: KABRE Ali | D12: 45677 | E12: 286055 | F12: 286055 | G12: 286055 | H12: 286055 | I12: 346515 | J12: 346515
B13: 9 | C13: KABRE Esther | D13: 46092 | E13: 0 | F13: 0 | G13: 135983 | H13: 135983 | I13: 165340 | J13: 165340
B14: Total par mois | E14: =SUM(E5:E13) -> 902790 | F14: =SUM(F5:F13) -> 1023666 | G14: =SUM(G5:G13) -> 1586778 | H14: =SUM(H5:H13) -> 1977731 | I14: =SUM(I5:I13) -> 2128008 | J14: =SUM(J5:J13) -> 2273172
B15: CUMUL | E15: =SUM(E14:J14) -> 9892145

Sheet Juill-aout-sept 2026
B2: ETAT DES SALAIRES KS SARL
B3: Période: | D3: JUILLET - AOUT - SEPTEMBRE 2026
B4: N° | C4: Nom&Prénom | D4: DATE D'ENTREE | E4: 46204 | F4: 46235 | G4: 46266
B5: 1 | C5: BAGAGNAN Salima | D5: 46242 | E5: 0 | F5: 80000 | G5: 80000
B6: 2 | C6: BANHORO Adama | D6: 46196 | E6: 0 | F6: 135983 | G6: 135983
B7: 3 | C7: BARRO Yacouba | D7: 46000 | E7: 177387 | F7: 177387 | G7: 177387
B8: 4 | C8: BASSOLE Ines | D8: 45677 | E8: 346515 | F8: 346515 | G8: 346515
B9: 5 | C9: BAWAR B. Fulgence | D9: 46023 | E9: 165340 | F9: 165340 | G9: 165340
B10: 6 | C10: BAZIE Issouf | D10: 46217 | E10: 0 | F10: 177387 | G10: 177387
B11: 7 | C11: BELEM Abdoulaye | D11: 46174 | E11: 195484 | F11: 195484 | G11: 195484
B12: 8 | C12: BENAO Souleymane | D12: 45778 | E12: 213566 | F12: 213566 | G12: 213566
B13: 9 | C13: BILOGO Aline | D13: 46250 | E13: 0 | F13: 165340 | G13: 225778
B14: 10 | C14: BONKOUNGOU Judicael | D14: 45778 | E14: 213563 | F14: 213563 | G14: 213563
B15: 11 | C15: BONKOUNGOU Moussa | D15: 45778 | E15: 213563 | F15: 213563 | G15: 213563
B16: 12 | C16: BOUKARI Amidou | D16: 46183 | E16: 80000 | F16: 177387 | G16: 177387
C17: COULIBALY Ahmed | E17: 0 | F17: 0 | G17: 0
B18: 13 | C18: DIABATE Mohamed | D18: 45950 | E18: 177387 | F18: 177387 | G18: 177387
B19: 14 | C19: DIALLO Boureima | D19: 46183 | E19: 0 | F19: 177387 | G19: 177387
B20: 15 | C20: GANSONRE Alassane | D20: 46139 | E20: 135983 | F20: 135983 | G20: 135983
B21: 16 | C21: GOUBA Simon | D21: 45809 | E21: 135983 | F21: 135983 | G21: 135983
B22: 17 | C22: GOULLA Parbouré | D22: 46174 | E22: 0 | F22: 177387 | G22: 177387
B23: 18 | C23: GUIGUEMDE CALEB | D23: 45924 | E23: 0 | F23: 0 | G23: 177387
B24: 19 | C24: ILBOUDO Alassane | D24: 46216 | E24: 135983 | F24: 225778 | G24: 225778
B25: 20 | C25: ILBOUDO Jean Marie | D25: 46000 | E25: 177387 | F25: 177387 | G25: 177387
B26: 21 | C26: ILBOUDO Zakaria | D26: 46283 | E26: 0 | F26: 0 | G26: 81666
B27: 22 | C27: KABORE Abdoulaye | D27: 46204 | E27: 231913 | F27: 231913 | G27: 213566
B28: 23 | C28: KABORE Dramane | D28: 0107/2026 | E28: 0 | F28: 177387 | G28: 177387
B29: 24 | C29: KABORE Lassane | D29: 45778 | E29: 165340 | F29: 165340 | G29: 165340
B30: 25 | C30: KABORE Sid Mohamed | D30: 46183 | E30: 80000 | F30: 177387 | G30: 177387
C31: KABRE Ali | E31: 346515 | F31: 346515 | G31: 346515
B32: 26 | C32: KABRE Daouda | D32: 45965 | E32: 0 | F32: 165340 | G32: 80000
B33: 27 | C33: KABRE Esther | D33: 46092 | E33: 165340 | F33: 225778 | G33: 225778
C34: KARAMA Youmati | E34: 195448 | F34: 0 | G34: 0
B35: 28 | C35: KAZIENGA PascaL | D35: 46275 | E35: 0 | F35: 0 | G35: 108397
B36: 29 | C36: KOANDA Souleymane | D36: 46216 | E36: 135983 | F36: 225778 | G36: 225778
B37: 30 | C37: KOMPAORE Anicet | D37: 45778 | E37: 346515 | F37: 346515 | G37: 346515
B38: 31 | C38: KONE Tidiane | D38: 45962 | E38: 213563 | F38: 213563 | G38: 213563
B39: 32 | C39: KONSIMBO A. Aziz | D39: 46252 | E39: 0 | F39: 0 | G39: 135983
B40: 33 | C40: MAIGA Harisso | D40: 46023 | E40: 213563 | F40: 213563 | G40: 213566
B41: 34 | C41: NANEMA Roger | D41: 46220 | E41: 0 | F41: 195448 | G41: 256095
B42: 35 | C42: NANGA Yaba | D42: 46068 | E42: 135983 | F42: 135983 | G42: 135983
B43: 36 | C43: NIKIEMA Ibrahim | D43: 46219 | F43: 177387 | G43: 177387
B44: 37 | C44: NITIEMA Soumaila | D44: 44562 | E44: 866830 | F44: 866830 | G44: 866830
B45: 38 | C45: OUATTARA Abou | D45: 46213 | E45: 0 | F45: 177387 | G45: 177387
B46: 39 | C46: OUATTARA Alassane | D46: 46218 | E46: 80000 | F46: 177387 | G46: 177387
B47: 40 | C47: OUEDRAOGO A. Aziz | D47: 46144 | E47: 108397 | F47: 108397 | G47: 108397
B48: 41 | C48: OUEDRAOGO Abdoul Ganyou | E48: 225778 | F48: 225778 | G48: 225778
B49: 42 | C49: OUEDRAOGO Abdoul Rasmane | D49: 46011 | E49: 177387 | F49: 177387 | G49: 177387
B50: 43 | C50: OUEDRAOGO Ali | D50: 46183 | E50: 0 | F50: 177387 | G50: 177387
B51: 44 | C51: OUEDRAOGO Aziz | D51: 45784 | E51: 108397 | F51: 108397 | G51: 108397
B52: 45 | C52: OUEDRAOGO Christian | D52: 46000 | E52: 177387 | F52: 177387 | G52: 177387
B53: 46 | C53: OUEDRAOGO Ibrahim | D53: 46204 | E53: 0 | F53: 177387 | G53: 177387
B54: 47 | C54: OUEDRAOGO Issa | D54: 46088 | E54: 135983 | F54: 135983 | G54: 135983
B55: 48 | C55: OUEDRAOGO Karim | D55: 45766 | E55: 471355 | F55: 471355 | G55: 471355
B56: 49 | C56: OUEDRAOGO Micailou | D56: 45778 | E56: 213563 | F56: 213563 | G56: 213563
B57: 50 | C57: OUEDRAOGO Mohamed | D57: 45778 | E57: 213563 | F57: 213563 | G57: 213563
C58: OUEDRAOGO Moustapha | E58: 0 | F58: 0 | G58: 108397
B59: 51 | C59: OUEDRAOGO Ousseni | D59: 45778 | E59: 213566 | F59: 213566 | G59: 177387
B60: 52 | C60: OUEDRAOGO Raogo G. Fernand | D60: 46235 | E60: 0 | F60: 177387 | G60: 177387
B61: 53 | C61: OUEDRAOGO Réné | D61: 46175 | E61: 177387 | F61: 213566 | G61: 213566
B62: 54 | C62: OUEDRAOGO Sebastien | D62: 45901 | E62: 213566 | F62: 213566 | G62: 213566
B63: 56 | C63: OUEDRAOGO Souleymane | D63: 45802 | E63: 177387 | F63: 177387 | G63: 177387
C64: OUEDRAOGO Souleymane | E64: 0 | F64: 108397 | G64: 108397
C65: OUEDRAOGO T. Issaka | E65: 0 | F65: 0 | G65: 177387
B66: 57 | C66: RABO Abdoul Razack | D66: 45930 | E66: 471355 | F66: 471355 | G66: 471355
B67: 58 | C67: SABO Daouda | D67: 45778 | E67: 231913 | F67: 231913 | G67: 231913
B68: 59 | C68: SALO Arouna | D68: 45778 | E68: 213566 | F68: 213566 | G68: 213566
B69: 60 | C69: SANA Mahamadi | D69: 45778 | E69: 213566 | F69: 213566 | G69: 213566
B70: 61 | C70: SANFO Aziz | D70: 45806 | E70: 135983 | F70: 135983 | G70: 135983
B71: 62 | C71: SANGA Boureima | D71: 46174 | E71: 213563 | F71: 213563 | G71: 213563
B72: 63 | C72: SAWADOGO Faissal | D72: 45930 | E72: 165340 | F72: 165340 | G72: 165340
B73: 64 | C73: SAWADOGO Ibrahim | D73: 45912 | E73: 213566 | F73: 213566 | G73: 213566
B74: 65 | C74: SAWADOGO Ousseni | D74: 46183 | E74: 80000 | F74: 177387 | G74: 177387
B75: 66 | C75: SEYNOU Cheick Omar | D75: 46023 | E75: 135983 | F75: 135983 | G75: 177387
B76: 67 | C76: SOULAMA Bamassi | D76: 46204 | E76: 0 | F76: 135983 | G76: 135983
B77: 68 | C77: TIENDREBEOGO Mohamed | D77: 45778 | E77: 471355 | F77: 471355 | G77: 471355
... B87: 78 | C87: ZABRE D. Daouda | D87: 45901 | E87: 213566 | F87: 213566 | G87: 213566
C88: ZERBO Ousmane | E88: 135983 | F88: 0 | G88: 0
C89: ZEBO Hervé | E89: 0 | F89: 0 | G89: 0
B90: 79 | C90: ZIBA Abdoul Rasmané | D90: 45778 | E90: 231913 | F90: 231913 | G90: 231913
B91: 80 | C91: ZIDOUEMBA Latifou | D91: 46061 | E91: 177387 | F91: 213566 | G91: 213566
B92: 81 | C92: ZOANGA Issa | D92: 46220 | E92: 195484 | F92: 195484 | G92: 195484
B93: 82 | C93: ZOMBRE Ponde Paul | D93: 46174 | E93: 0 | F93: 177387 | G93: 177387
B94: 83 | C94: ZONGO Arnaud | D94: 45784 | E94: 108397 | F94: 108397 | G94: 108397
B95: 84 | C95: ZONGO Soumaila | D95: 46183 | E95: 80000 | F95: 177387 | G95: 177387
C96: ZOROM Adama | E96: 231913 | F96: 231913 | G96: 231913
B97: 85 | C97: ZOROM Daouda | D97: 45778 | E97: 0 | F97: 0 | G97: 0
B98: Total par mois | E98: =SUM(E5:E97) -> 12800636 | F98: =SUM(F5:F97) -> 16646388 | G98: =SUM(G5:G97) -> 17696056
B99: CUMUL | E99: =SUM(E98:G98) -> 47143080

Sheet Janvier
B4: ETAT DES SALAIRES KS SARL
B5: Période: | D5: JANVIER 2026 | F5: Ventilation simulée (max. exonéré) | J5: Hypothèses | L5: Calcul IUTS | T5: TPA, Rosalaire et net
B6: N° | C6: Nom&Prénom | D6: DATE D'ENTREE | E6: Brut Janvier | F6: Ind. Logement | G6: Ind. Transport | H6: Ind. Fonction | I6: Salaire de base | J6: Nb charges | K6: Catégorie | L6: Montant exonéré | M6: CNSS salarié 5,5 % | N6: Déduction retraite | O6: Abattement forfaitaire | P6: Base imposable (arr. 100) | Q6: IUTS brut | R6: Réduction charges | S6: IUTS NET | T6: TPA 3 % (patronale) | U6: Rosalaire 1 % | V6: SALAIRE NET À PAYER
B7: 1 | C7: OUEDRAOGO Abdoul Ganiyou | D7: 45881 | E7: ='Jan-fév-mars-avril-mai-juin'!E5 -> 165340 | F7: =MIN(ROUNDDOWN(N($E7)*Paramètres!$C$16,0),Paramètres!$D$16) -> 33068 | G7: =MIN(ROUNDDOWN(N($E7)*Paramètres!$C$17,0),Paramètres!$D$17) -> 8267 | H7: =MIN(ROUNDDOWN(N($E7)*Paramètres!$C$18,0),Paramètres!$D$18) -> 8267 | I7: =N($E7)-(F7+G7+H7) -> 115738 | J7: 0 | K7: =IF(I7<Paramètres!$C$11,"Cadre inférieur","Cadre supérieur") -> Cadre inférieur | L7: =MIN(F7,MIN(N($E7)*Paramètres!$C$16,Paramètres!$D$16))+MIN(G7,MIN(N($E7)*Paramètres!$C$17,Paramètres!$D$17))+MIN(H7,MIN(N($E7)*Paramètres!$C$18,Paramètres!$D$18)) -> 49602 | M7: =MIN(N($E7),Paramètres!$C$7)*Paramètres!$C$6 -> 9093.7 | N7: =MIN(M7,I7*Paramètres!$C$8) -> 9093.7 | O7: =I7*IF(K7="Cadre supérieur",Paramètres!$C$10,Paramètres!$C$9) -> 28934.5 | P7: =MAX(0,ROUNDDOWN(N($E7)-L7-N7-O7,-2)) -> 77700 | Q7: =SUMPRODUCT((P7>Paramètres!$B$21:$B$27)*(P7-Paramètres!$B$21:$B$27)*Paramètres!$E$21:$E$27) -> 6270.3 | R7: =Q7*INDEX(Paramètres!$C$31:$C$38,MIN(MAX(INT(N(J7)),0),7)+1) -> 0 | S7: =ROUND(Q7-R7,0) -> 6270 | T7: =ROUND(N($E7)*Paramètres!$C$13,0) -> 4960 | U7: =ROUND(MAX(0,N($E7)-(Q7-R7)-M7)*Paramètres!$C$12,0) -> 1500 | V7: =ROUND(N($E7)-M7-S7-U7,0) -> 148476
B8: 2 | C8: OUEDRAOGO Mohamed | D8: 45778 | E8: ='Jan-fév-mars-avril-mai-juin'!E6 -> 0 | F8: =MIN(ROUNDDOWN(N($E8)*Paramètres!$C$16,0),Paramètres!$D$16) -> 0 | G8: =MIN(ROUNDDOWN(N($E8)*Paramètres!$C$17,0),Paramètres!$D$17) -> 0 | H8: =MIN(ROUNDDOWN(N($E8)*Paramètres!$C$18,0),Paramètres!$D$18) -> 0 | I8: =N($E8)-(F8+G8+H8) -> 0 | J8: 0 | K8: =IF(I8<Paramètres!$C$11,"Cadre inférieur","Cadre supérieur") -> Cadre inférieur | L8: =MIN(F8,MIN(N($E8)*Paramètres!$C$16,Paramètres!$D$16))+MIN(G8,MIN(N($E8)*Paramètres!$C$17,Paramètres!$D$17))+MIN(H8,MIN(N($E8)*Paramètres!$C$18,Paramètres!$D$18)) -> 0 | M8: =MIN(N($E8),Paramètres!$C$7)*Paramètres!$C$6 -> 0 | N8: =MIN(M8,I8*Paramètres!$C$8) -> 0 | O8: =I8*IF(K8="Cadre supérieur",Paramètres!$C$10,Paramètres!$C$9) -> 0 | P8: =MAX(0,ROUNDDOWN(N($E8)-L8-N8-O8,-2)) -> 0 | Q8: =SUMPRODUCT((P8>Paramètres!$B$21:$B$27)*(P8-Paramètres!$B$21:$B$27)*Paramètres!$E$21:$E$27) -> 0 | R8: =Q8*INDEX(Paramètres!$C$31:$C$38,MIN(MAX(INT(N(J8)),0),7)+1) -> 0 | S8: =ROUND(Q8-R8,0) -> 0 | T8: =ROUND(N($E8)*Paramètres!$C$13,0) -> 0 | U8: =ROUND(MAX(0,N($E8)-(Q8-R8)-M8)*Paramètres!$C$12,0) -> 0 | V8: =ROUND(N($E8)-M8-S8-U8,0) -> 0
B9: 3 | C9: SAWADOGO Ibrahim | D9: 45912 | E9: ='Jan-fév-mars-avril-mai-juin'!E7 -> 0 | F9: =MIN(ROUNDDOWN(N($E9)*Paramètres!$C$16,0),Paramètres!$D$16) -> 0 | G9: =MIN(ROUNDDOWN(N($E9)*Paramètres!$C$17,0),Paramètres!$D$17) -> 0 | H9: =MIN(ROUNDDOWN(N($E9)*Paramètres!$C$18,0),Paramètres!$D$18) -> 0 | I9: =N($E9)-(F9+G9+H9) -> 0 | J9: 0 | K9: =IF(I9<Paramètres!$C$11,"Cadre inférieur","Cadre supérieur") -> Cadre inférieur | L9: =MIN(F9,MIN(N($E9)*Paramètres!$C$16,Paramètres!$D$16))+MIN(G9,MIN(N($E9)*Paramètres!$C$17,Paramètres!$D$17))+MIN(H9,MIN(N($E9)*Paramètres!$C$18,Paramètres!$D$18)) -> 0 | M9: =MIN(N($E9),Paramètres!$C$7)*Paramètres!$C$6 -> 0 | N9: =MIN(M9,I9*Paramètres!$C$8) -> 0 | O9: =I9*IF(K9="Cadre supérieur",Paramètres!$C$10,Paramètres!$C$9) -> 0 | P9: =MAX(0,ROUNDDOWN(N($E9)-L9-N9-O9,-2)) -> 0 | Q9: =SUMPRODUCT((P9>Paramètres!$B$21:$B$27)*(P9-Paramètres!$B$21:$B$27)*Paramètres!$E$21:$E$27) -> 0 | R9: =Q9*INDEX(Paramètres!$C$31:$C$38,MIN(MAX(INT(N(J9)),0),7)+1) -> 0 | S9: =ROUND(Q9-R9,0) -> 0 | T9: =ROUND(N($E9)*Paramètres!$C$13,0) -> 0 | U9: =ROUND(MAX(0,N($E9)-(Q9-R9)-M9)*Paramètres!$C$12,0) -> 0 | V9: =ROUND(N($E9)-M9-S9-U9,0) -> 0
B10: 4 | C10: SALO Arouna | D10: 45778 | E10: ='Jan-fév-mars-avril-mai-juin'!E8 -> 0 | F10: =MIN(ROUNDDOWN(N($E10)*Paramètres!$C$16,0),Paramètres!$D$16) -> 0 | G10: =MIN(ROUNDDOWN(N($E10)*Paramètres!$C$17,0),Paramètres!$D$17) -> 0 | H10: =MIN(ROUNDDOWN(N($E10)*Paramètres!$C$18,0),Paramètres!$D$18) -> 0 | I10: =N($E10)-(F10+G10+H10) -> 0 | J10: 0 | K10: =IF(I10<Paramètres!$C$11,"Cadre inférieur","Cadre supérieur") -> Cadre inférieur | L10: =MIN(F10,MIN(N($E10)*Paramètres!$C$16,Paramètres!$D$16))+MIN(G10,MIN(N($E10)*Paramètres!$C$17,Paramètres!$D$17))+MIN(H10,MIN(N($E10)*Paramètres!$C$18,Paramètres!$D$18)) -> 0 | M10: =MIN(N($E10),Paramètres!$C$7)*Paramètres!$C$6 -> 0 | N10: =MIN(M10,I10*Paramètres!$C$8) -> 0 | O10: =I10*IF(K10="Cadre supérieur",Paramètres!$C$10,Paramètres!$C$9) -> 0 | P10: =MAX(0,ROUNDDOWN(N($E10)-L10-N10-O10,-2)) -> 0 | Q10: =SUMPRODUCT((P10>Paramètres!$B$21:$B$27)*(P10-Paramètres!$B$21:$B$27)*Paramètres!$E$21:$E$27) -> 0 | R10: =Q10*INDEX(Paramètres!$C$31:$C$38,MIN(MAX(INT(N(J10)),0),7)+1) -> 0 | S10: =ROUND(Q10-R10,0) -> 0 | T10: =ROUND(N($E10)*Paramètres!$C$13,0) -> 0 | U10: =ROUND(MAX(0,N($E10)-(Q10-R10)-M10)*Paramètres!$C$12,0) -> 0 | V10: =ROUND(N($E10)-M10-S10-U10,0) -> 0
B11: 5 | C11: ILBOUDO Jean Marie | D11: 46000 | E11: ='Jan-fév-mars-avril-mai-juin'!E9 -> 0 | F11: =MIN(ROUNDDOWN(N($E11)*Paramètres!$C$16,0),Paramètres!$D$16) -> 0 | G11: =MIN(ROUNDDOWN(N($E11)*Paramètres!$C$17,0),Paramètres!$D$17) -> 0 | H11: =MIN(ROUNDDOWN(N($E11)*Paramètres!$C$18,0),Paramètres!$D$18) -> 0 | I11: =N($E11)-(F11+G11+H11) -> 0 | J11: 0 | K11: =IF(I11<Paramètres!$C$11,"Cadre inférieur","Cadre supérieur") -> Cadre inférieur | L11: =MIN(F11,MIN(N($E11)*Paramètres!$C$16,Paramètres!$D$16))+MIN(G11,MIN(N($E11)*Paramètres!$C$17,Paramètres!$D$17))+MIN(H11,MIN(N($E11)*Paramètres!$C$18,Paramètres!$D$18)) -> 0 | M11: =MIN(N($E11),Paramètres!$C$7)*Paramètres!$C$6 -> 0 | N11: =MIN(M11,I11*Paramètres!$C$8) -> 0 | O11: =I11*IF(K11="Cadre supérieur",Paramètres!$C$10,Paramètres!$C$9) -> 0 | P11: =MAX(0,ROUNDDOWN(N($E11)-L11-N11-O11,-2)) -> 0 | Q11: =SUMPRODUCT((P11>Paramètres!$B$21:$B$27)*(P11-Paramètres!$B$21:$B$27)*Paramètres!$E$21:$E$27) -> 0 | R11: =Q11*INDEX(Paramètres!$C$31:$C$38,MIN(MAX(INT(N(J11)),0),7)+1) -> 0 | S11: =ROUND(Q11-R11,0) -> 0 | T11: =ROUND(N($E11)*Paramètres!$C$13,0) -> 0 | U11: =ROUND(MAX(0,N($E11)-(Q11-R11)-M11)*Paramètres!$C$12,0) -> 0 | V11: =ROUND(N($E11)-M11-S11-U11,0) -> 0
B12: 6 | C12: KOMPAORE Anicet | D12: 45778 | E12: ='Jan-fév-mars-avril-mai-juin'!E10 -> 165340 | F12: =MIN(ROUNDDOWN(N($E12)*Paramètres!$C$16,0),Paramètres!$D$16) -> 33068 | G12: =MIN(ROUNDDOWN(N($E12)*Paramètres!$C$17,0),Paramètres!$D$17) -> 8267 | H12: =MIN(ROUNDDOWN(N($E12)*Paramètres!$C$18,0),Paramètres!$D$18) -> 8267 | I12: =N($E12)-(F12+G12+H12) -> 115738 | J12: 0 | K12: =IF(I12<Paramètres!$C$11,"Cadre inférieur","Cadre supérieur") -> Cadre inférieur | L12: =MIN(F12,MIN(N($E12)*Paramètres!$C$16,Paramètres!$D$16))+MIN(G12,MIN(N($E12)*Paramètres!$C$17,Paramètres!$D$17))+MIN(H12,MIN(N($E12)*Paramètres!$C$18,Paramètres!$D$18)) -> 49602 | M12: =MIN(N($E12),Paramètres!$C$7)*Paramètres!$C$6 -> 9093.7 | N12: =MIN(M12,I12*Paramètres!$C$8) -> 9093.7 | O12: =I12*IF(K12="Cadre supérieur",Paramètres!$C$10,Paramètres!$C$9) -> 28934.5 | P12: =MAX(0,ROUNDDOWN(N($E12)-L12-N12-O12,-2)) -> 77700 | Q12: =SUMPRODUCT((P12>Paramètres!$B$21:$B$27)*(P12-Paramètres!$B$21:$B$27)*Paramètres!$E$21:$E$27) -> 6270.3 | R12: =Q12*INDEX(Paramètres!$C$31:$C$38,MIN(MAX(INT(N(J12)),0),7)+1) -> 0 | S12: =ROUND(Q12-R12,0) -> 6270 | T12: =ROUND(N($E12)*Paramètres!$C$13,0) -> 4960 | U12: =ROUND(MAX(0,N($E12)-(Q12-R12)-M12)*Paramètres!$C$12,0) -> 1500 | V12: =ROUND(N($E12)-M12-S12-U12,0) -> 148476
B13: 7 | C13: BASSOLE Ines | D13: 45677 | E13: ='Jan-fév-mars-avril-mai-juin'!E11 -> 286055 | F13: =MIN(ROUNDDOWN(N($E13)*Paramètres!$C$16,0),Paramètres!$D$16) -> 57211 | G13: =MIN(ROUNDDOWN(N($E13)*Paramètres!$C$17,0),Paramètres!$D$17) -> 14302 | H13: =MIN(ROUNDDOWN(N($E13)*Paramètres!$C$18,0),Paramètres!$D$18) -> 14302 | I13: =N($E13)-(F13+G13+H13) -> 200240 | J13: 0 | K13: =IF(I13<Paramètres!$C$11,"Cadre inférieur","Cadre supérieur") -> Cadre supérieur | L13: =MIN(F13,MIN(N($E13)*Paramètres!$C$16,Paramètres!$D$16))+MIN(G13,MIN(N($E13)*Paramètres!$C$17,Paramètres!$D$17))+MIN(H13,MIN(N($E13)*Paramètres!$C$18,Paramètres!$D$18)) -> 85815 | M13: =MIN(N($E13),Paramètres!$C$7)*Paramètres!$C$6 -> 15733.025 | N13: =MIN(M13,I13*Paramètres!$C$8) -> 15733.025 | O13: =I13*IF(K13="Cadre supérieur",Paramètres!$C$10,Paramètres!$C$9) -> 40048 | P13: =MAX(0,ROUNDDOWN(N($E13)-L13-N13-O13,-2)) -> 144400 | Q13: =SUMPRODUCT((P13>Paramètres!$B$21:$B$27)*(P13-Paramètres!$B$21:$B$27)*Paramètres!$E$21:$E$27) -> 17359.6 | R13: =Q13*INDEX(Paramètres!$C$31:$C$38,MIN(MAX(INT(N(J13)),0),7)+1) -> 0 | S13: =ROUND(Q13-R13,0) -> 17360 | T13: =ROUND(N($E13)*Paramètres!$C$13,0) -> 8582 | U13: =ROUND(MAX(0,N($E13)-(Q13-R13)-M13)*Paramètres!$C$12,0) -> 2530 | V13: =ROUND(N($E13)-M13-S13-U13,0) -> 250432
B14: 8 | C14: KABRE Ali | D14: 45677 | E14: ='Jan-fév-mars-avril-mai-juin'!E12 -> 286055 | F14: =MIN(ROUNDDOWN(N($E14)*Paramètres!$C$16,0),Paramètres!$D$16) -> 57211 | G14: =MIN(ROUNDDOWN(N($E14)*Paramètres!$C$17,0),Paramètres!$D$17) -> 14302 | H14: =MIN(ROUNDDOWN(N($E14)*Paramètres!$C$18,0),Paramètres!$D$18) -> 14302 | I14: =N($E14)-(F14+G14+H14) -> 200240 | J14: 0 | K14: =IF(I14<Paramètres!$C$11,"Cadre inférieur","Cadre supérieur") -> Cadre supérieur | L14: =MIN(F14,MIN(N($E14)*Paramètres!$C$16,Paramètres!$D$16))+MIN(G14,MIN(N($E14)*Paramètres!$C$17,Paramètres!$D$17))+MIN(H14,MIN(N($E14)*Paramètres!$C$18,Paramètres!$D$18)) -> 85815 | M14: =MIN(N($E14),Paramètres!$C$7)*Paramètres!$C$6 -> 15733.025 | N14: =MIN(M14,I14*Paramètres!$C$8) -> 15733.025 | O14: =I14*IF(K14="Cadre supérieur",Paramètres!$C$10,Paramètres!$C$9) -> 40048 | P14: =MAX(0,ROUNDDOWN(N($E14)-L14-N14-O14,-2)) -> 144400 | Q14: =SUMPRODUCT((P14>Paramètres!$B$21:$B$27)*(P14-Paramètres!$B$21:$B$27)*Paramètres!$E$21:$E$27) -> 17359.6 | R14: =Q14*INDEX(Paramètres!$C$31:$C$38,MIN(MAX(INT(N(J14)),0),7)+1) -> 0 | S14: =ROUND(Q14-R14,0) -> 17360 | T14: =ROUND(N($E14)*Paramètres!$C$13,0) -> 8582 | U14: =ROUND(MAX(0,N($E14)-(Q14-R14)-M14)*Paramètres!$C$12,0) -> 2530 | V14: =ROUND(N($E14)-M14-S14-U14,0) -> 250432
B15: 9 | C15: KABRE Esther | D15: 46092 | E15: ='Jan-fév-mars-avril-mai-juin'!E13 -> 0 | F15: =MIN(ROUNDDOWN(N($E15)*Paramètres!$C$16,0),Paramètres!$D$16) -> 0 | G15: =MIN(ROUNDDOWN(N($E15)*Paramètres!$C$17,0),Paramètres!$D$17) -> 0 | H15: =MIN(ROUNDDOWN(N($E15)*Paramètres!$C$18,0),Paramètres!$D$18) -> 0 | I15: =N($E15)-(F15+G15+H15) -> 0 | J15: 0 | K15: =IF(I15<Paramètres!$C$11,"Cadre inférieur","Cadre supérieur") -> Cadre inférieur | L15: =MIN(F15,MIN(N($E15)*Paramètres!$C$16,Paramètres!$D$16))+MIN(G15,MIN(N($E15)*Paramètres!$C$17,Paramètres!$D$17))+MIN(H15,MIN(N($E15)*Paramètres!$C$18,Paramètres!$D$18)) -> 0 | M15: =MIN(N($E15),Paramètres!$C$7)*Paramètres!$C$6 -> 0 | N15: =MIN(M15,I15*Paramètres!$C$8) -> 0 | O15: =I15*IF(K15="Cadre supérieur",Paramètres!$C$10,Paramètres!$C$9) -> 0 | P15: =MAX(0,ROUNDDOWN(N($E15)-L15-N15-O15,-2)) -> 0 | Q15: =SUMPRODUCT((P15>Paramètres!$B$21:$B$27)*(P15-Paramètres!$B$21:$B$27)*Paramètres!$E$21:$E$27) -> 0 | R15: =Q15*INDEX(Paramètres!$C$31:$C$38,MIN(MAX(INT(N(J15)),0),7)+1) -> 0 | S15: =ROUND(Q15-R15,0) -> 0 | T15: =ROUND(N($E15)*Paramètres!$C$13,0) -> 0 | U15: =ROUND(MAX(0,N($E15)-(Q15-R15)-M15)*Paramètres!$C$12,0) -> 0 | V15: =ROUND(N($E15)-M15-S15-U15,0) -> 0
B16: Total par mois | E16: =SUM(E7:E15) -> 902790 | F16: =SUM(F7:F15) -> 180558 | G16: =SUM(G7:G15) -> 45138 | H16: =SUM(H7:H15) -> 45138 | I16: =SUM(I7:I15) -> 631956 | L16: =SUM(L7:L15) -> 270834 | M16: =SUM(M7:M15) -> 49653.45 | N16: =SUM(N7:N15) -> 49653.45 | O16: =SUM(O7:O15) -> 137965 | P16: =SUM(P7:P15) -> 444200 | Q16: =SUM(Q7:Q15) -> 47259.8 | R16: =SUM(R7:R15) -> 0 | S16: =SUM(S7:S15) -> 47260 | ... V16: =SUM(V7:V15) -> 797816
B17: CUMUL depuis janvier | E17: =E16 -> 902790 | S17: =S16 -> 47260 | T17: =T16 -> 27084 | U17: =U16 -> 8060 | V17: =V16 -> 797816
C19: Hypothèses du calcul IUTS (modifiables) :
C20: • 0 charge de famille pour tous — colonne « Nb charges » à corriger au besoin.
C21: • Catégorie : salaire de base < 150 000 → cadre inférieur (abattement 25 %) ; sinon cadre supérieur (abattement 20 %).
C22: • Rosalaire = 1 % × (brut − IUTS − CNSS) ; net à payer = brut − CNSS − IUTS − Rosalaire ; TPA = 3 % du brut, à la charge de l'employeur.
C23: • Brut ventilé au maximum exonéré : logement 20 % (≤ 75 000), transport 5 % (≤ 30 000), fonction 5 % (≤ 50 000) du brut ; le reste = salaire de base.
C24: • Taux, plafonds et barème : onglet « Paramètres ». IUTS net arrondi au franc.

Sheet Février
B4: ETAT DES SALAIRES KS SARL
B5: Période: | D5: FÉVRIER 2026 | F5: Ventilation simulée (max. exonéré) | J5: Hypothèses | L5: Calcul IUTS | T5: TPA, Rosalaire et net
B6: N° | C6: Nom&Prénom | D6: DATE D'ENTREE | E6: Brut Février | F6: Ind. Logement | G6: Ind. Transport | H6: Ind. Fonction | I6: Salaire de base | J6: Nb charges | K6: Catégorie | L6: Montant exonéré | M6: CNSS salarié 5,5 % | N6: Déduction retraite | O6: Abattement forfaitaire | P6: Base imposable (arr. 100) | Q6: IUTS brut | R6: Réduction charges | S6: IUTS NET | T6: TPA 3 % (patronale) | U6: Rosalaire 1 % | V6: SALAIRE NET À PAYER
B7: 1 | C7: OUEDRAOGO Abdoul Ganiyou | D7: 45881 | E7: ='Jan-fév-mars-avril-mai-juin'!F5 -> 225778 | F7: =MIN(ROUNDDOWN(N($E7)*Paramètres!$C$16,0),Paramètres!$D$16) -> 45155 | G7: =MIN(ROUNDDOWN(N($E7)*Paramètres!$C$17,0),Paramètres!$D$17) -> 11288 | H7: =MIN(ROUNDDOWN(N($E7)*Paramètres!$C$18,0),Paramètres!$D$18) -> 11288 | I7: =N($E7)-(F7+G7+H7) -> 158047 | J7: 0 | K7: =IF(I7<Paramètres!$C$11,"Cadre inférieur","Cadre supérieur") -> Cadre supérieur | L7: =MIN(F7,MIN(N($E7)*Paramètres!$C$16,Paramètres!$D$16))+MIN(G7,MIN(N($E7)*Paramètres!$C$17,Paramètres!$D$17))+MIN(H7,MIN(N($E7)*Paramètres!$C$18,Paramètres!$D$18)) -> 67731 | M7: =MIN(N($E7),Paramètres!$C$7)*Paramètres!$C$6 -> 12417.79 | N7: =MIN(M7,I7*Paramètres!$C$8) -> 12417.79 | O7: =I7*IF(K7="Cadre supérieur",Paramètres!$C$10,Paramètres!$C$9) -> 31609.4 | P7: =MAX(0,ROUNDDOWN(N($E7)-L7-N7-O7,-2)) -> 114000 | Q7: =SUMPRODUCT((P7>Paramètres!$B$21:$B$27)*(P7-Paramètres!$B$21:$B$27)*Paramètres!$E$21:$E$27) -> 11928 | R7: =Q7*INDEX(Paramètres!$C$31:$C$38,MIN(MAX(INT(N(J7)),0),7)+1) -> 0 | S7: =ROUND(Q7-R7,0) -> 11928 | T7: =ROUND(N($E7)*Paramètres!$C$13,0) -> 6773 | U7: =ROUND(MAX(0,N($E7)-(Q7-R7)-M7)*Paramètres!$C$12,0) -> 2014 | V7: =ROUND(N($E7)-M7-S7-U7,0) -> 199418
B8: 2 | C8: OUEDRAOGO Mohamed | D8: 45778 | E8: ='Jan-fév-mars-avril-mai-juin'!F6 -> 0 | F8: =MIN(ROUNDDOWN(N($E8)*Paramètres!$C$16,0),Paramètres!$D$16) -> 0 | G8: =MIN(ROUNDDOWN(N($E8)*Paramètres!$C$17,0),Paramètres!$D$17) -> 0 | H8: =MIN(ROUNDDOWN(N($E8)*Paramètres!$C$18,0),Paramètres!$D$18) -> 0 | I8: =N($E8)-(F8+G8+H8) -> 0 | J8: 0 | K8: =IF(I8<Paramètres!$C$11,"Cadre inférieur","Cadre supérieur") -> Cadre inférieur | L8: =MIN(F8,MIN(N($E8)*Paramètres!$C$16,Paramètres!$D$16))+MIN(G8,MIN(N($E8)*Paramètres!$C$17,Paramètres!$D$17))+MIN(H8,MIN(N($E8)*Paramètres!$C$18,Paramètres!$D$18)) -> 0 | M8: =MIN(N($E8),Paramètres!$C$7)*Paramètres!$C$6 -> 0 | N8: =MIN(M8,I8*Paramètres!$C$8) -> 0 | O8: =I8*IF(K8="Cadre supérieur",Paramètres!$C$10,Paramètres!$C$9) -> 0 | P8: =MAX(0,ROUNDDOWN(N($E8)-L8-N8-O8,-2)) -> 0 | Q8: =SUMPRODUCT((P8>Paramètres!$B$21:$B$27)*(P8-Paramètres!$B$21:$B$27)*Paramètres!$E$21:$E$27) -> 0 | R8: =Q8*INDEX(Paramètres!$C$31:$C$38,MIN(MAX(INT(N(J8)),0),7)+1) -> 0 | S8: =ROUND(Q8-R8,0) -> 0 | T8: =ROUND(N($E8)*Paramètres!$C$13,0) -> 0 | U8: =ROUND(MAX(0,N($E8)-(Q8-R8)-M8)*Paramètres!$C$12,0) -> 0 | V8: =ROUND(N($E8)-M8-S8-U8,0) -> 0
B9: 3 | C9: SAWADOGO Ibrahim | D9: 45912 | E9: ='Jan-fév-mars-avril-mai-juin'!F7 -> 0 | F9: =MIN(ROUNDDOWN(N($E9)*Paramètres!$C$16,0),Paramètres!$D$16) -> 0 | G9: =MIN(ROUNDDOWN(N($E9)*Paramètres!$C$17,0),Paramètres!$D$17) -> 0 | H9: =MIN(ROUNDDOWN(N($E9)*Paramètres!$C$18,0),Paramètres!$D$18) -> 0 | I9: =N($E9)-(F9+G9+H9) -> 0 | J9: 0 | K9: =IF(I9<Paramètres!$C$11,"Cadre inférieur","Cadre supérieur") -> Cadre inférieur | L9: =MIN(F9,MIN(N($E9)*Paramètres!$C$16,Paramètres!$D$16))+MIN(G9,MIN(N($E9)*Paramètres!$C$17,Paramètres!$D$17))+MIN(H9,MIN(N($E9)*Paramètres!$C$18,Paramètres!$D$18)) -> 0 | M9: =MIN(N($E9),Paramètres!$C$7)*Paramètres!$C$6 -> 0 | N9: =MIN(M9,I9*Paramètres!$C$8) -> 0 | O9: =I9*IF(K9="Cadre supérieur",Paramètres!$C$10,Paramètres!$C$9) -> 0 | P9: =MAX(0,ROUNDDOWN(N($E9)-L9-N9-O9,-2)) -> 0 | Q9: =SUMPRODUCT((P9>Paramètres!$B$21:$B$27)*(P9-Paramètres!$B$21:$B$27)*Paramètres!$E$21:$E$27) -> 0 | R9: =Q9*INDEX(Paramètres!$C$31:$C$38,MIN(MAX(INT(N(J9)),0),7)+1) -> 0 | S9: =ROUND(Q9-R9,0) -> 0 | T9: =ROUND(N($E9)*Paramètres!$C$13,0) -> 0 | U9: =ROUND(MAX(0,N($E9)-(Q9-R9)-M9)*Paramètres!$C$12,0) -> 0 | V9: =ROUND(N($E9)-M9-S9-U9,0) -> 0
B10: 4 | C10: SALO Arouna | D10: 45778 | E10: ='Jan-fév-mars-avril-mai-juin'!F8 -> 0 | F10: =MIN(ROUNDDOWN(N($E10)*Paramètres!$C$16,0),Paramètres!$D$16) -> 0 | G10: =MIN(ROUNDDOWN(N($E10)*Paramètres!$C$17,0),Paramètres!$D$17) -> 0 | H10: =MIN(ROUNDDOWN(N($E10)*Paramètres!$C$18,0),Paramètres!$D$18) -> 0 | I10: =N($E10)-(F10+G10+H10) -> 0 | J10: 0 | K10: =IF(I10<Paramètres!$C$11,"Cadre inférieur","Cadre supérieur") -> Cadre inférieur | L10: =MIN(F10,MIN(N($E10)*Paramètres!$C$16,Paramètres!$D$16))+MIN(G10,MIN(N($E10)*Paramètres!$C$17,Paramètres!$D$17))+MIN(H10,MIN(N($E10)*Paramètres!$C$18,Paramètres!$D$18)) -> 0 | M10: =MIN(N($E10),Paramètres!$C$7)*Paramètres!$C$6 -> 0 | N10: =MIN(M10,I10*Paramètres!$C$8) -> 0 | O10: =I10*IF(K10="Cadre supérieur",Paramètres!$C$10,Paramètres!$C$9) -> 0 | P10: =MAX(0,ROUNDDOWN(N($E10)-L10-N10-O10,-2)) -> 0 | Q10: =SUMPRODUCT((P10>Paramètres!$B$21:$B$27)*(P10-Paramètres!$B$21:$B$27)*Paramètres!$E$21:$E$27) -> 0 | R10: =Q10*INDEX(Paramètres!$C$31:$C$38,MIN(MAX(INT(N(J10)),0),7)+1) -> 0 | S10: =ROUND(Q10-R10,0) -> 0 | T10: =ROUND(N($E10)*Paramètres!$C$13,0) -> 0 | U10: =ROUND(MAX(0,N($E10)-(Q10-R10)-M10)*Paramètres!$C$12,0) -> 0 | V10: =ROUND(N($E10)-M10-S10-U10,0) -> 0
B11: 5 | C11: ILBOUDO Jean Marie | D11: 46000 | E11: ='Jan-fév-mars-avril-mai-juin'!F9 -> 0 | F11: =MIN(ROUNDDOWN(N($E11)*Paramètres!$C$16,0),Paramètres!$D$16) -> 0 | G11: =MIN(ROUNDDOWN(N($E11)*Paramètres!$C$17,0),Paramètres!$D$17) -> 0 | H11: =MIN(ROUNDDOWN(N($E11)*Paramètres!$C$18,0),Paramètres!$D$18) -> 0 | I11: =N($E11)-(F11+G11+H11) -> 0 | J11: 0 | K11: =IF(I11<Paramètres!$C$11,"Cadre inférieur","Cadre supérieur") -> Cadre inférieur | L11: =MIN(F11,MIN(N($E11)*Paramètres!$C$16,Paramètres!$D$16))+MIN(G11,MIN(N($E11)*Paramètres!$C$17,Paramètres!$D$17))+MIN(H11,MIN(N($E11)*Paramètres!$C$18,Paramètres!$D$18)) -> 0 | M11: =MIN(N($E11),Paramètres!$C$7)*Paramètres!$C$6 -> 0 | N11: =MIN(M11,I11*Paramètres!$C$8) -> 0 | O11: =I11*IF(K11="Cadre supérieur",Paramètres!$C$10,Paramètres!$C$9) -> 0 | P11: =MAX(0,ROUNDDOWN(N($E11)-L11-N11-O11,-2)) -> 0 | Q11: =SUMPRODUCT((P11>Paramètres!$B$21:$B$27)*(P11-Paramètres!$B$21:$B$27)*Paramètres!$E$21:$E$27) -> 0 | R11: =Q11*INDEX(Paramètres!$C$31:$C$38,MIN(MAX(INT(N(J11)),0),7)+1) -> 0 | S11: =ROUND(Q11-R11,0) -> 0 | T11: =ROUND(N($E11)*Paramètres!$C$13,0) -> 0 | U11: =ROUND(MAX(0,N($E11)-(Q11-R11)-M11)*Paramètres!$C$12,0) -> 0 | V11: =ROUND(N($E11)-M11-S11-U11,0) -> 0
B12: 6 | C12: KOMPAORE Anicet | D12: 45778 | E12: ='Jan-fév-mars-avril-mai-juin'!F10 -> 225778 | F12: =MIN(ROUNDDOWN(N($E12)*Paramètres!$C$16,0),Paramètres!$D$16) -> 45155 | G12: =MIN(ROUNDDOWN(N($E12)*Paramètres!$C$17,0),Paramètres!$D$17) -> 11288 | H12: =MIN(ROUNDDOWN(N($E12)*Paramètres!$C$18,0),Paramètres!$D$18) -> 11288 | I12: =N($E12)-(F12+G12+H12) -> 158047 | J12: 0 | K12: =IF(I12<Paramètres!$C$11,"Cadre inférieur","Cadre supérieur") -> Cadre supérieur | L12: =MIN(F12,MIN(N($E12)*Paramètres!$C$16,Paramètres!$D$16))+MIN(G12,MIN(N($E12)*Paramètres!$C$17,Paramètres!$D$17))+MIN(H12,MIN(N($E12)*Paramètres!$C$18,Paramètres!$D$18)) -> 67731 | M12: =MIN(N($E12),Paramètres!$C$7)*Paramètres!$C$6 -> 12417.79 | N12: =MIN(M12,I12*Paramètres!$C$8) -> 12417.79 | O12: =I12*IF(K12="Cadre supérieur",Paramètres!$C$10,Paramètres!$C$9) -> 31609.4 | P12: =MAX(0,ROUNDDOWN(N($E12)-L12-N12-O12,-2)) -> 114000 | Q12: =SUMPRODUCT((P12>Paramètres!$B$21:$B$27)*(P12-Paramètres!$B$21:$B$27)*Paramètres!$E$21:$E$27) -> 11928 | R12: =Q12*INDEX(Paramètres!$C$31:$C$38,MIN(MAX(INT(N(J12)),0),7)+1) -> 0 | S12: =ROUND(Q12-R12,0) -> 11928 | T12: =ROUND(N($E12)*Paramètres!$C$13,0) -> 6773 | U12: =ROUND(MAX(0,N($E12)-(Q12-R12)-M12)*Paramètres!$C$12,0) -> 2014 | V12: =ROUND(N($E12)-M12-S12-U12,0) -> 199418
B13: 7 | C13: BASSOLE Ines | D13: 45677 | E13: ='Jan-fév-mars-avril-mai-juin'!F11 -> 286055 | F13: =MIN(ROUNDDOWN(N($E13)*Paramètres!$C$16,0),Paramètres!$D$16) -> 57211 | G13: =MIN(ROUNDDOWN(N($E13)*Paramètres!$C$17,0),Paramètres!$D$17) -> 14302 | H13: =MIN(ROUNDDOWN(N($E13)*Paramètres!$C$18,0),Paramètres!$D$18) -> 14302 | I13: =N($E13)-(F13+G13+H13) -> 200240 | J13: 0 | K13: =IF(I13<Paramètres!$C$11,"Cadre inférieur","Cadre supérieur") -> Cadre supérieur | L13: =MIN(F13,MIN(N($E13)*Paramètres!$C$16,Paramètres!$D$16))+MIN(G13,MIN(N($E13)*Paramètres!$C$17,Paramètres!$D$17))+MIN(H13,MIN(N($E13)*Paramètres!$C$18,Paramètres!$D$18)) -> 85815 | M13: =MIN(N($E13),Paramètres!$C$7)*Paramètres!$C$6 -> 15733.025 | N13: =MIN(M13,I13*Paramètres!$C$8) -> 15733.025 | O13: =I13*IF(K13="Cadre supérieur",Paramètres!$C$10,Paramètres!$C$9) -> 40048 | P13: =MAX(0,ROUNDDOWN(N($E13)-L13-N13-O13,-2)) -> 144400 | Q13: =SUMPRODUCT((P13>Paramètres!$B$21:$B$27)*(P13-Paramètres!$B$21:$B$27)*Paramètres!$E$21:$E$27) -> 17359.6 | R13: =Q13*INDEX(Paramètres!$C$31:$C$38,MIN(MAX(INT(N(J13)),0),7)+1) -> 0 | S13: =ROUND(Q13-R13,0) -> 17360 | T13: =ROUND(N($E13)*Paramètres!$C$13,0) -> 8582 | U13: =ROUND(MAX(0,N($E13)-(Q13-R13)-M13)*Paramètres!$C$12,0) -> 2530 | V13: =ROUND(N($E13)-M13-S13-U13,0) -> 250432
B14: 8 | C14: KABRE Ali | D14: 45677 | E14: ='Jan-fév-mars-avril-mai-juin'!F12 -> 286055 | F14: =MIN(ROUNDDOWN(N($E14)*Paramètres!$C$16,0),Paramètres!$D$16) -> 57211 | G14: =MIN(ROUNDDOWN(N($E14)*Paramètres!$C$17,0),Paramètres!$D$17) -> 14302 | H14: =MIN(ROUNDDOWN(N($E14)*Paramètres!$C$18,0),Paramètres!$D$18) -> 14302 | I14: =N($E14)-(F14+G14+H14) -> 200240 | J14: 0 | K14: =IF(I14<Paramètres!$C$11,"Cadre inférieur","Cadre supérieur") -> Cadre supérieur | L14: =MIN(F14,MIN(N($E14)*Paramètres!$C$16,Paramètres!$D$16))+MIN(G14,MIN(N($E14)*Paramètres!$C$17,Paramètres!$D$17))+MIN(H14,MIN(N($E14)*Paramètres!$C$18,Paramètres!$D$18)) -> 85815 | M14: =MIN(N($E14),Paramètres!$C$7)*Paramètres!$C$6 -> 15733.025 | N14: =MIN(M14,I14*Paramètres!$C$8) -> 15733.025 | O14: =I14*IF(K14="Cadre supérieur",Paramètres!$C$10,Paramètres!$C$9) -> 40048 | P14: =MAX(0,ROUNDDOWN(N($E14)-L14-N14-O14,-2)) -> 144400 | Q14: =SUMPRODUCT((P14>Paramètres!$B$21:$B$27)*(P14-Paramètres!$B$21:$B$27)*Paramètres!$E$21:$E$27) -> 17359.6 | R14: =Q14*INDEX(Paramètres!$C$31:$C$38,MIN(MAX(INT(N(J14)),0),7)+1) -> 0 | S14: =ROUND(Q14-R14,0) -> 17360 | T14: =ROUND(N($E14)*Paramètres!$C$13,0) -> 8582 | U14: =ROUND(MAX(0,N($E14)-(Q14-R14)-M14)*Paramètres!$C$12,0) -> 2530 | V14: =ROUND(N($E14)-M14-S14-U14,0) -> 250432
B15: 9 | C15: KABRE Esther | D15: 46092 | E15: ='Jan-fév-mars-avril-mai-juin'!F13 -> 0 | F15: =MIN(ROUNDDOWN(N($E15)*Paramètres!$C$16,0),Paramètres!$D$16) -> 0 | G15: =MIN(ROUNDDOWN(N($E15)*Paramètres!$C$17,0),Paramètres!$D$17) -> 0 | H15: =MIN(ROUNDDOWN(N($E15)*Paramètres!$C$18,0),Paramètres!$D$18) -> 0 | I15: =N($E15)-(F15+G15+H15) -> 0 | J15: 0 | K15: =IF(I15<Paramètres!$C$11,"Cadre inférieur","Cadre supérieur") -> Cadre inférieur | L15: =MIN(F15,MIN(N($E15)*Paramètres!$C$16,Paramètres!$D$16))+MIN(G15,MIN(N($E15)*Paramètres!$C$17,Paramètres!$D$17))+MIN(H15,MIN(N($E15)*Paramètres!$C$18,Paramètres!$D$18)) -> 0 | M15: =MIN(N($E15),Paramètres!$C$7)*Paramètres!$C$6 -> 0 | N15: =MIN(M15,I15*Paramètres!$C$8) -> 0 | O15: =I15*IF(K15="Cadre supérieur",Paramètres!$C$10,Paramètres!$C$9) -> 0 | P15: =MAX(0,ROUNDDOWN(N($E15)-L15-N15-O15,-2)) -> 0 | Q15: =SUMPRODUCT((P15>Paramètres!$B$21:$B$27)*(P15-Paramètres!$B$21:$B$27)*Paramètres!$E$21:$E$27) -> 0 | R15: =Q15*INDEX(Paramètres!$C$31:$C$38,MIN(MAX(INT(N(J15)),0),7)+1) -> 0 | S15: =ROUND(Q15-R15,0) -> 0 | T15: =ROUND(N($E15)*Paramètres!$C$13,0) -> 0 | U15: =ROUND(MAX(0,N($E15)-(Q15-R15)-M15)*Paramètres!$C$12,0) -> 0 | V15: =ROUND(N($E15)-M15-S15-U15,0) -> 0
B16: Total par mois | E16: =SUM(E7:E15) -> 1023666 | F16: =SUM(F7:F15) -> 204732 | G16: =SUM(G7:G15) -> 51180 | H16: =SUM(H7:H15) -> 51180 | I16: =SUM(I7:I15) -> 716574 | L16: =SUM(L7:L15) -> 307092 | M16: =SUM(M7:M15) -> 56301.63 | N16: =SUM(N7:N15) -> 56301.63 | O16: =SUM(O7:O15) -> 143314.8 | P16: =SUM(P7:P15) -> 516800 | Q16: =SUM(Q7:Q15) -> 58575.2 | R16: =SUM(R7:R15) -> 0 | S16: =SUM(S7:S15) -> 58576 | ... V16: =SUM(V7:V15) -> 899700
B17: CUMUL depuis janvier | E17: =Janvier!E17+E16 -> 1926456 | S17: =Janvier!S17+S16 -> 105836 | T17: =Janvier!T17+T16 -> 57794 | U17: =Janvier!U17+U16 -> 17148 | V17: =Janvier!V17+V16 -> 1697516
C19: Hypothèses du calcul IUTS (modifiables) :
C20: • 0 charge de famille pour tous — colonne « Nb charges » à corriger au besoin.
C21: • Catégorie : salaire de base < 150 000 → cadre inférieur (abattement 25 %) ; sinon cadre supérieur (abattement 20 %).
C22: • Rosalaire = 1 % × (brut − IUTS − CNSS) ; net à payer = brut − CNSS − IUTS − Rosalaire ; TPA = 3 % du brut, à la charge de l'employeur.
C23: • Brut ventilé au maximum exonéré : logement 20 % (≤ 75 000), transport 5 % (≤ 30 000), fonction 5 % (≤ 50 000) du brut ; le reste = salaire de base.
C24: • Taux, plafonds et barème : onglet « Paramètres ». IUTS net arrondi au franc.

Sheet Mars
B4: ETAT DES SALAIRES KS SARL
B5: Période: | D5: MARS 2026 | F5: Ventilation simulée (max. exonéré) | J5: Hypothèses | L5: Calcul IUTS | T5: TPA, Rosalaire et net
B6: N° | C6: Nom&Prénom | D6: DATE D'ENTREE | E6: Brut Mars | F6: Ind. Logement | G6: Ind. Transport | H6: Ind. Fonction | I6: Salaire de base | J6: Nb charges | K6: Catégorie | L6: Montant exonéré | M6: CNSS salarié 5,5 % | N6: Déduction retraite | O6: Abattement forfaitaire | P6: Base imposable (arr. 100) | Q6: IUTS brut | R6: Réduction charges | S6: IUTS NET | T6: TPA 3 % (patronale) | U6: Rosalaire 1 % | V6: SALAIRE NET À PAYER
B7: 1 | C7: OUEDRAOGO Abdoul Ganiyou | D7: 45881 | E7: ='Jan-fév-mars-avril-mai-juin'!G5 -> 225778 | F7: =MIN(ROUNDDOWN(N($E7)*Paramètres!$C$16,0),Paramètres!$D$16) -> 45155 | G7: =MIN(ROUNDDOWN(N($E7)*Paramètres!$C$17,0),Paramètres!$D$17) -> 11288 | H7: =MIN(ROUNDDOWN(N($E7)*Paramètres!$C$18,0),Paramètres!$D$18) -> 11288 | I7: =N($E7)-(F7+G7+H7) -> 158047 | J7: 0 | K7: =IF(I7<Paramètres!$C$11,"Cadre inférieur","Cadre supérieur") -> Cadre supérieur | L7: =MIN(F7,MIN(N($E7)*Paramètres!$C$16,Paramètres!$D$16))+MIN(G7,MIN(N($E7)*Paramètres!$C$17,Paramètres!$D$17))+MIN(H7,MIN(N($E7)*Paramètres!$C$18,Paramètres!$D$18)) -> 67731 | M7: =MIN(N($E7),Paramètres!$C$7)*Paramètres!$C$6 -> 12417.79 | N7: =MIN(M7,I7*Paramètres!$C$8) -> 12417.79 | O7: =I7*IF(K7="Cadre supérieur",Paramètres!$C$10,Paramètres!$C$9) -> 31609.4 | P7: =MAX(0,ROUNDDOWN(N($E7)-L7-N7-O7,-2)) -> 114000 | Q7: =SUMPRODUCT((P7>Paramètres!$B$21:$B$27)*(P7-Paramètres!$B$21:$B$27)*Paramètres!$E$21:$E$27) -> 11928 | R7: =Q7*INDEX(Paramètres!$C$31:$C$38,MIN(MAX(INT(N(J7)),0),7)+1) -> 0 | S7: =ROUND(Q7-R7,0) -> 11928 | T7: =ROUND(N($E7)*Paramètres!$C$13,0) -> 6773 | U7: =ROUND(MAX(0,N($E7)-(Q7-R7)-M7)*Paramètres!$C$12,0) -> 2014 | V7: =ROUND(N($E7)-M7-S7-U7,0) -> 199418
B8: 2 | C8: OUEDRAOGO Mohamed | D8: 45778 | E8: ='Jan-fév-mars-avril-mai-juin'!G6 -> 213563 | F8: =MIN(ROUNDDOWN(N($E8)*Paramètres!$C$16,0),Paramètres!$D$16) -> 42712 | G8: =MIN(ROUNDDOWN(N($E8)*Paramètres!$C$17,0),Paramètres!$D$17) -> 10678 | H8: =MIN(ROUNDDOWN(N($E8)*Paramètres!$C$18,0),Paramètres!$D$18) -> 10678 | I8: =N($E8)-(F8+G8+H8) -> 149495 | J8: 0 | K8: =IF(I8<Paramètres!$C$11,"Cadre inférieur","Cadre supérieur") -> Cadre inférieur | L8: =MIN(F8,MIN(N($E8)*Paramètres!$C$16,Paramètres!$D$16))+MIN(G8,MIN(N($E8)*Paramètres!$C$17,Paramètres!$D$17))+MIN(H8,MIN(N($E8)*Paramètres!$C$18,Paramètres!$D$18)) -> 64068 | M8: =MIN(N($E8),Paramètres!$C$7)*Paramètres!$C$6 -> 11745.965 | N8: =MIN(M8,I8*Paramètres!$C$8) -> 11745.965 | O8: =I8*IF(K8="Cadre supérieur",Paramètres!$C$10,Paramètres!$C$9) -> 37373.75 | P8: =MAX(0,ROUNDDOWN(N($E8)-L8-N8-O8,-2)) -> 100300 | Q8: =SUMPRODUCT((P8>Paramètres!$B$21:$B$27)*(P8-Paramètres!$B$21:$B$27)*Paramètres!$E$21:$E$27) -> 9777.1 | R8: =Q8*INDEX(Paramètres!$C$31:$C$38,MIN(MAX(INT(N(J8)),0),7)+1) -> 0 | S8: =ROUND(Q8-R8,0) -> 9777 | T8: =ROUND(N($E8)*Paramètres!$C$13,0) -> 6407 | U8: =ROUND(MAX(0,N($E8)-(Q8-R8)-M8)*Paramètres!$C$12,0) -> 1920 | V8: =ROUND(N($E8)-M8-S8-U8,0) -> 190120
B9: 3 | C9: SAWADOGO Ibrahim | D9: 45912 | E9: ='Jan-fév-mars-avril-mai-juin'!G7 -> 213566 | F9: =MIN(ROUNDDOWN(N($E9)*Paramètres!$C$16,0),Paramètres!$D$16) -> 42713 | G9: =MIN(ROUNDDOWN(N($E9)*Paramètres!$C$17,0),Paramètres!$D$17) -> 10678 | H9: =MIN(ROUNDDOWN(N($E9)*Paramètres!$C$18,0),Paramètres!$D$18) -> 10678 | I9: =N($E9)-(F9+G9+H9) -> 149497 | J9: 0 | K9: =IF(I9<Paramètres!$C$11,"Cadre inférieur","Cadre supérieur") -> Cadre inférieur | L9: =MIN(F9,MIN(N($E9)*Paramètres!$C$16,Paramètres!$D$16))+MIN(G9,MIN(N($E9)*Paramètres!$C$17,Paramètres!$D$17))+MIN(H9,MIN(N($E9)*Paramètres!$C$18,Paramètres!$D$18)) -> 64069 | M9: =MIN(N($E9),Paramètres!$C$7)*Paramètres!$C$6 -> 11746.13 | N9: =MIN(M9,I9*Paramètres!$C$8) -> 11746.13 | O9: =I9*IF(K9="Cadre supérieur",Paramètres!$C$10,Paramètres!$C$9) -> 37374.25 | P9: =MAX(0,ROUNDDOWN(N($E9)-L9-N9-O9,-2)) -> 100300 | Q9: =SUMPRODUCT((P9>Paramètres!$B$21:$B$27)*(P9-Paramètres!$B$21:$B$27)*Paramètres!$E$21:$E$27) -> 9777.1 | R9: =Q9*INDEX(Paramètres!$C$31:$C$38,MIN(MAX(INT(N(J9)),0),7)+1) -> 0 | S9: =ROUND(Q9-R9,0) -> 9777 | T9: =ROUND(N($E9)*Paramètres!$C$13,0) -> 6407 | U9: =ROUND(MAX(0,N($E9)-(Q9-R9)-M9)*Paramètres!$C$12,0) -> 1920 | V9: =ROUND(N($E9)-M9-S9-U9,0) -> 190123
B10: 4 | C10: SALO Arouna | D10: 45778 | E10: ='Jan-fév-mars-avril-mai-juin'!G8 -> 0 | F10: =MIN(ROUNDDOWN(N($E10)*Paramètres!$C$16,0),Paramètres!$D$16) -> 0 | G10: =MIN(ROUNDDOWN(N($E10)*Paramètres!$C$17,0),Paramètres!$D$17) -> 0 | H10: =MIN(ROUNDDOWN(N($E10)*Paramètres!$C$18,0),Paramètres!$D$18) -> 0 | I10: =N($E10)-(F10+G10+H10) -> 0 | J10: 0 | K10: =IF(I10<Paramètres!$C$11,"Cadre inférieur","Cadre supérieur") -> Cadre inférieur | L10: =MIN(F10,MIN(N($E10)*Paramètres!$C$16,Paramètres!$D$16))+MIN(G10,MIN(N($E10)*Paramètres!$C$17,Paramètres!$D$17))+MIN(H10,MIN(N($E10)*Paramètres!$C$18,Paramètres!$D$18)) -> 0 | M10: =MIN(N($E10),Paramètres!$C$7)*Paramètres!$C$6 -> 0 | N10: =MIN(M10,I10*Paramètres!$C$8) -> 0 | O10: =I10*IF(K10="Cadre supérieur",Paramètres!$C$10,Paramètres!$C$9) -> 0 | P10: =MAX(0,ROUNDDOWN(N($E10)-L10-N10-O10,-2)) -> 0 | Q10: =SUMPRODUCT((P10>Paramètres!$B$21:$B$27)*(P10-Paramètres!$B$21:$B$27)*Paramètres!$E$21:$E$27) -> 0 | R10: =Q10*INDEX(Paramètres!$C$31:$C$38,MIN(MAX(INT(N(J10)),0),7)+1) -> 0 | S10: =ROUND(Q10-R10,0) -> 0 | T10: =ROUND(N($E10)*Paramètres!$C$13,0) -> 0 | U10: =ROUND(MAX(0,N($E10)-(Q10-R10)-M10)*Paramètres!$C$12,0) -> 0 | V10: =ROUND(N($E10)-M10-S10-U10,0) -> 0
B11: 5 | C11: ILBOUDO Jean Marie | D11: 46000 | E11: ='Jan-fév-mars-avril-mai-juin'!G9 -> 0 | F11: =MIN(ROUNDDOWN(N($E11)*Paramètres!$C$16,0),Paramètres!$D$16) -> 0 | G11: =MIN(ROUNDDOWN(N($E11)*Paramètres!$C$17,0),Paramètres!$D$17) -> 0 | H11: =MIN(ROUNDDOWN(N($E11)*Paramètres!$C$18,0),Paramètres!$D$18) -> 0 | I11: =N($E11)-(F11+G11+H11) -> 0 | J11: 0 | K11: =IF(I11<Paramètres!$C$11,"Cadre inférieur","Cadre supérieur") -> Cadre inférieur | L11: =MIN(F11,MIN(N($E11)*Paramètres!$C$16,Paramètres!$D$16))+MIN(G11,MIN(N($E11)*Paramètres!$C$17,Paramètres!$D$17))+MIN(H11,MIN(N($E11)*Paramètres!$C$18,Paramètres!$D$18)) -> 0 | M11: =MIN(N($E11),Paramètres!$C$7)*Paramètres!$C$6 -> 0 | N11: =MIN(M11,I11*Paramètres!$C$8) -> 0 | O11: =I11*IF(K11="Cadre supérieur",Paramètres!$C$10,Paramètres!$C$9) -> 0 | P11: =MAX(0,ROUNDDOWN(N($E11)-L11-N11-O11,-2)) -> 0 | Q11: =SUMPRODUCT((P11>Paramètres!$B$21:$B$27)*(P11-Paramètres!$B$21:$B$27)*Paramètres!$E$21:$E$27) -> 0 | R11: =Q11*INDEX(Paramètres!$C$31:$C$38,MIN(MAX(INT(N(J11)),0),7)+1) -> 0 | S11: =ROUND(Q11-R11,0) -> 0 | T11: =ROUND(N($E11)*Paramètres!$C$13,0) -> 0 | U11: =ROUND(MAX(0,N($E11)-(Q11-R11)-M11)*Paramètres!$C$12,0) -> 0 | V11: =ROUND(N($E11)-M11-S11-U11,0) -> 0
B12: 6 | C12: KOMPAORE Anicet | D12: 45778 | E12: ='Jan-fév-mars-avril-mai-juin'!G10 -> 225778 | F12: =MIN(ROUNDDOWN(N($E12)*Paramètres!$C$16,0),Paramètres!$D$16) -> 45155 | G12: =MIN(ROUNDDOWN(N($E12)*Paramètres!$C$17,0),Paramètres!$D$17) -> 11288 | H12: =MIN(ROUNDDOWN(N($E12)*Paramètres!$C$18,0),Paramètres!$D$18) -> 11288 | I12: =N($E12)-(F12+G12+H12) -> 158047 | J12: 0 | K12: =IF(I12<Paramètres!$C$11,"Cadre inférieur","Cadre supérieur") -> Cadre supérieur | L12: =MIN(F12,MIN(N($E12)*Paramètres!$C$16,Paramètres!$D$16))+MIN(G12,MIN(N($E12)*Paramètres!$C$17,Paramètres!$D$17))+MIN(H12,MIN(N($E12)*Paramètres!$C$18,Paramètres!$D$18)) -> 67731 | M12: =MIN(N($E12),Paramètres!$C$7)*Paramètres!$C$6 -> 12417.79 | N12: =MIN(M12,I12*Paramètres!$C$8) -> 12417.79 | O12: =I12*IF(K12="Cadre supérieur",Paramètres!$C$10,Paramètres!$C$9) -> 31609.4 | P12: =MAX(0,ROUNDDOWN(N($E12)-L12-N12-O12,-2)) -> 114000 | Q12: =SUMPRODUCT((P12>Paramètres!$B$21:$B$27)*(P12-Paramètres!$B$21:$B$27)*Paramètres!$E$21:$E$27) -> 11928 | R12: =Q12*INDEX(Paramètres!$C$31:$C$38,MIN(MAX(INT(N(J12)),0),7)+1) -> 0 | S12: =ROUND(Q12-R12,0) -> 11928 | T12: =ROUND(N($E12)*Paramètres!$C$13,0) -> 6773 | U12: =ROUND(MAX(0,N($E12)-(Q12-R12)-M12)*Paramètres!$C$12,0) -> 2014 | V12: =ROUND(N($E12)-M12-S12-U12,0) -> 199418
B13: 7 | C13: BASSOLE Ines | D13: 45677 | E13: ='Jan-fév-mars-avril-mai-juin'!G11 -> 286055 | F13: =MIN(ROUNDDOWN(N($E13)*Paramètres!$C$16,0),Paramètres!$D$16) -> 57211 | G13: =MIN(ROUNDDOWN(N($E13)*Paramètres!$C$17,0),Paramètres!$D$17) -> 14302 | H13: =MIN(ROUNDDOWN(N($E13)*Paramètres!$C$18,0),Paramètres!$D$18) -> 14302 | I13: =N($E13)-(F13+G13+H13) -> 200240 | J13: 0 | K13: =IF(I13<Paramètres!$C$11,"Cadre inférieur","Cadre supérieur") -> Cadre supérieur | L13: =MIN(F13,MIN(N($E13)*Paramètres!$C$16,Paramètres!$D$16))+MIN(G13,MIN(N($E13)*Paramètres!$C$17,Paramètres!$D$17))+MIN(H13,MIN(N($E13)*Paramètres!$C$18,Paramètres!$D$18)) -> 85815 | M13: =MIN(N($E13),Paramètres!$C$7)*Paramètres!$C$6 -> 15733.025 | N13: =MIN(M13,I13*Paramètres!$C$8) -> 15733.025 | O13: =I13*IF(K13="Cadre supérieur",Paramètres!$C$10,Paramètres!$C$9) -> 40048 | P13: =MAX(0,ROUNDDOWN(N($E13)-L13-N13-O13,-2)) -> 144400 | Q13: =SUMPRODUCT((P13>Paramètres!$B$21:$B$27)*(P13-Paramètres!$B$21:$B$27)*Paramètres!$E$21:$E$27) -> 17359.6 | R13: =Q13*INDEX(Paramètres!$C$31:$C$38,MIN(MAX(INT(N(J13)),0),7)+1) -> 0 | S13: =ROUND(Q13-R13,0) -> 17360 | T13: =ROUND(N($E13)*Paramètres!$C$13,0) -> 8582 | U13: =ROUND(MAX(0,N($E13)-(Q13-R13)-M13)*Paramètres!$C$12,0) -> 2530 | V13: =ROUND(N($E13)-M13-S13-U13,0) -> 250432
B14: 8 | C14: KABRE Ali | D14: 45677 | E14: ='Jan-fév-mars-avril-mai-juin'!G12 -> 286055 | F14: =MIN(ROUNDDOWN(N($E14)*Paramètres!$C$16,0),Paramètres!$D$16) -> 57211 | G14: =MIN(ROUNDDOWN(N($E14)*Paramètres!$C$17,0),Paramètres!$D$17) -> 14302 | H14: =MIN(ROUNDDOWN(N($E14)*Paramètres!$C$18,0),Paramètres!$D$18) -> 14302 | I14: =N($E14)-(F14+G14+H14) -> 200240 | J14: 0 | K14: =IF(I14<Paramètres!$C$11,"Cadre inférieur","Cadre supérieur") -> Cadre supérieur | L14: =MIN(F14,MIN(N($E14)*Paramètres!$C$16,Paramètres!$D$16))+MIN(G14,MIN(N($E14)*Paramètres!$C$17,Paramètres!$D$17))+MIN(H14,MIN(N($E14)*Paramètres!$C$18,Paramètres!$D$18)) -> 85815 | M14: =MIN(N($E14),Paramètres!$C$7)*Paramètres!$C$6 -> 15733.025 | N14: =MIN(M14,I14*Paramètres!$C$8) -> 15733.025 | O14: =I14*IF(K14="Cadre supérieur",Paramètres!$C$10,Paramètres!$C$9) -> 40048 | P14: =MAX(0,ROUNDDOWN(N($E14)-L14-N14-O14,-2)) -> 144400 | Q14: =SUMPRODUCT((P14>Paramètres!$B$21:$B$27)*(P14-Paramètres!$B$21:$B$27)*Paramètres!$E$21:$E$27) -> 17359.6 | R14: =Q14*INDEX(Paramètres!$C$31:$C$38,MIN(MAX(INT(N(J14)),0),7)+1) -> 0 | S14: =ROUND(Q14-R14,0) -> 17360 | T14: =ROUND(N($E14)*Paramètres!$C$13,0) -> 8582 | U14: =ROUND(MAX(0,N($E14)-(Q14-R14)-M14)*Paramètres!$C$12,0) -> 2530 | V14: =ROUND(N($E14)-M14-S14-U14,0) -> 250432
B15: 9 | C15: KABRE Esther | D15: 46092 | E15: ='Jan-fév-mars-avril-mai-juin'!G13 -> 135983 | F15: =MIN(ROUNDDOWN(N($E15)*Paramètres!$C$16,0),Paramètres!$D$16) -> 27196 | G15: =MIN(ROUNDDOWN(N($E15)*Paramètres!$C$17,0),Paramètres!$D$17) -> 6799 | H15: =MIN(ROUNDDOWN(N($E15)*Paramètres!$C$18,0),Paramètres!$D$18) -> 6799 | I15: =N($E15)-(F15+G15+H15) -> 95189 | J15: 0 | K15: =IF(I15<Paramètres!$C$11,"Cadre inférieur","Cadre supérieur") -> Cadre inférieur | L15: =MIN(F15,MIN(N($E15)*Paramètres!$C$16,Paramètres!$D$16))+MIN(G15,MIN(N($E15)*Paramètres!$C$17,Paramètres!$D$17))+MIN(H15,MIN(N($E15)*Paramètres!$C$18,Paramètres!$D$18)) -> 40794 | M15: =MIN(N($E15),Paramètres!$C$7)*Paramètres!$C$6 -> 7479.065 | N15: =MIN(M15,I15*Paramètres!$C$8) -> 7479.065 | O15: =I15*IF(K15="Cadre supérieur",Paramètres!$C$10,Paramètres!$C$9) -> 23797.25 | P15: =MAX(0,ROUNDDOWN(N($E15)-L15-N15-O15,-2)) -> 63900 | Q15: =SUMPRODUCT((P15>Paramètres!$B$21:$B$27)*(P15-Paramètres!$B$21:$B$27)*Paramètres!$E$21:$E$27) -> 4352.1 | R15: =Q15*INDEX(Paramètres!$C$31:$C$38,MIN(MAX(INT(N(J15)),0),7)+1) -> 0 | S15: =ROUND(Q15-R15,0) -> 4352 | T15: =ROUND(N($E15)*Paramètres!$C$13,0) -> 4079 | U15: =ROUND(MAX(0,N($E15)-(Q15-R15)-M15)*Paramètres!$C$12,0) -> 1242 | V15: =ROUND(N($E15)-M15-S15-U15,0) -> 122910
B16: Total par mois | E16: =SUM(E7:E15) -> 1586778 | F16: =SUM(F7:F15) -> 317353 | G16: =SUM(G7:G15) -> 79335 | H16: =SUM(H7:H15) -> 79335 | I16: =SUM(I7:I15) -> 1110755 | L16: =SUM(L7:L15) -> 476023 | M16: =SUM(M7:M15) -> 87272.79 | N16: =SUM(N7:N15) -> 87272.79 | O16: =SUM(O7:O15) -> 241860.05 | P16: =SUM(P7:P15) -> 781300 | Q16: =SUM(Q7:Q15) -> 82481.5 | R16: =SUM(R7:R15) -> 0 | S16: =SUM(S7:S15) -> 82482 | ... V16: =SUM(V7:V15) -> 1402853
B17: CUMUL depuis janvier | E17: =Février!E17+E16 -> 3513234 | S17: =Février!S17+S16 -> 188318 | T17: =Février!T17+T16 -> 105397 | U17: =Février!U17+U16 -> 31318 | V17: =Février!V17+V16 -> 3100369
C19: Hypothèses du calcul IUTS (modifiables) :
C20: • 0 charge de famille pour tous — colonne « Nb charges » à corriger au besoin.
C21: • Catégorie : salaire de base < 150 000 → cadre inférieur (abattement 25 %) ; sinon cadre supérieur (abattement 20 %).
C22: • Rosalaire = 1 % × (brut − IUTS − CNSS) ; net à payer = brut − CNSS − IUTS − Rosalaire ; TPA = 3 % du brut, à la charge de l'employeur.
C23: • Brut ventilé au maximum exonéré : logement 20 % (≤ 75 000), transport 5 % (≤ 30 000), fonction 5 % (≤ 50 000) du brut ; le reste = salaire de base.
C24: • Taux, plafonds et barème : onglet « Paramètres ». IUTS net arrondi au franc.

Sheet Avril
B4: ETAT DES SALAIRES KS SARL
B5: Période: | D5: AVRIL 2026 | F5: Ventilation simulée (max. exonéré) | J5: Hypothèses | L5: Calcul IUTS | T5: TPA, Rosalaire et net
B6: N° | C6: Nom&Prénom | D6: DATE D'ENTREE | E6: Brut Avril | F6: Ind. Logement | G6: Ind. Transport | H6: Ind. Fonction | I6: Salaire de base | J6: Nb charges | K6: Catégorie | L6: Montant exonéré | M6: CNSS salarié 5,5 % | N6: Déduction retraite | O6: Abattement forfaitaire | P6: Base imposable (arr. 100) | Q6: IUTS brut | R6: Réduction charges | S6: IUTS NET | T6: TPA 3 % (patronale) | U6: Rosalaire 1 % | V6: SALAIRE NET À PAYER
B7: 1 | C7: OUEDRAOGO Abdoul Ganiyou | D7: 45881 | E7: ='Jan-fév-mars-avril-mai-juin'!H5 -> 225778 | F7: =MIN(ROUNDDOWN(N($E7)*Paramètres!$C$16,0),Paramètres!$D$16) -> 45155 | G7: =MIN(ROUNDDOWN(N($E7)*Paramètres!$C$17,0),Paramètres!$D$17) -> 11288 | H7: =MIN(ROUNDDOWN(N($E7)*Paramètres!$C$18,0),Paramètres!$D$18) -> 11288 | I7: =N($E7)-(F7+G7+H7) -> 158047 | J7: 0 | K7: =IF(I7<Paramètres!$C$11,"Cadre inférieur","Cadre supérieur") -> Cadre supérieur | L7: =MIN(F7,MIN(N($E7)*Paramètres!$C$16,Paramètres!$D$16))+MIN(G7,MIN(N($E7)*Paramètres!$C$17,Paramètres!$D$17))+MIN(H7,MIN(N($E7)*Paramètres!$C$18,Paramètres!$D$18)) -> 67731 | M7: =MIN(N($E7),Paramètres!$C$7)*Paramètres!$C$6 -> 12417.79 | N7: =MIN(M7,I7*Paramètres!$C$8) -> 12417.79 | O7: =I7*IF(K7="Cadre supérieur",Paramètres!$C$10,Paramètres!$C$9) -> 31609.4 | P7: =MAX(0,ROUNDDOWN(N($E7)-L7-N7-O7,-2)) -> 114000 | Q7: =SUMPRODUCT((P7>Paramètres!$B$21:$B$27)*(P7-Paramètres!$B$21:$B$27)*Paramètres!$E$21:$E$27) -> 11928 | R7: =Q7*INDEX(Paramètres!$C$31:$C$38,MIN(MAX(INT(N(J7)),0),7)+1) -> 0 | S7: =ROUND(Q7-R7,0) -> 11928 | T7: =ROUND(N($E7)*Paramètres!$C$13,0) -> 6773 | U7: =ROUND(MAX(0,N($E7)-(Q7-R7)-M7)*Paramètres!$C$12,0) -> 2014 | V7: =ROUND(N($E7)-M7-S7-U7,0) -> 199418
B8: 2 | C8: OUEDRAOGO Mohamed | D8: 45778 | E8: ='Jan-fév-mars-avril-mai-juin'!H6 -> 213563 | F8: =MIN(ROUNDDOWN(N($E8)*Paramètres!$C$16,0),Paramètres!$D$16) -> 42712 | G8: =MIN(ROUNDDOWN(N($E8)*Paramètres!$C$17,0),Paramètres!$D$17) -> 10678 | H8: =MIN(ROUNDDOWN(N($E8)*Paramètres!$C$18,0),Paramètres!$D$18) -> 10678 | I8: =N($E8)-(F8+G8+H8) -> 149495 | J8: 0 | K8: =IF(I8<Paramètres!$C$11,"Cadre inférieur","Cadre supérieur") -> Cadre inférieur | L8: =MIN(F8,MIN(N($E8)*Paramètres!$C$16,Paramètres!$D$16))+MIN(G8,MIN(N($E8)*Paramètres!$C$17,Paramètres!$D$17))+MIN(H8,MIN(N($E8)*Paramètres!$C$18,Paramètres!$D$18)) -> 64068 | M8: =MIN(N($E8),Paramètres!$C$7)*Paramètres!$C$6 -> 11745.965 | N8: =MIN(M8,I8*Paramètres!$C$8) -> 11745.965 | O8: =I8*IF(K8="Cadre supérieur",Paramètres!$C$10,Paramètres!$C$9) -> 37373.75 | P8: =MAX(0,ROUNDDOWN(N($E8)-L8-N8-O8,-2)) -> 100300 | Q8: =SUMPRODUCT((P8>Paramètres!$B$21:$B$27)*(P8-Paramètres!$B$21:$B$27)*Paramètres!$E$21:$E$27) -> 9777.1 | R8: =Q8*INDEX(Paramètres!$C$31:$C$38,MIN(MAX(INT(N(J8)),0),7)+1) -> 0 | S8: =ROUND(Q8-R8,0) -> 9777 | T8: =ROUND(N($E8)*Paramètres!$C$13,0) -> 6407 | U8: =ROUND(MAX(0,N($E8)-(Q8-R8)-M8)*Paramètres!$C$12,0) -> 1920 | V8: =ROUND(N($E8)-M8-S8-U8,0) -> 190120
B9: 3 | C9: SAWADOGO Ibrahim | D9: 45912 | E9: ='Jan-fév-mars-avril-mai-juin'!H7 -> 213566 | F9: =MIN(ROUNDDOWN(N($E9)*Paramètres!$C$16,0),Paramètres!$D$16) -> 42713 | G9: =MIN(ROUNDDOWN(N($E9)*Paramètres!$C$17,0),Paramètres!$D$17) -> 10678 | H9: =MIN(ROUNDDOWN(N($E9)*Paramètres!$C$18,0),Paramètres!$D$18) -> 10678 | I9: =N($E9)-(F9+G9+H9) -> 149497 | J9: 0 | K9: =IF(I9<Paramètres!$C$11,"Cadre inférieur","Cadre supérieur") -> Cadre inférieur | L9: =MIN(F9,MIN(N($E9)*Paramètres!$C$16,Paramètres!$D$16))+MIN(G9,MIN(N($E9)*Paramètres!$C$17,Paramètres!$D$17))+MIN(H9,MIN(N($E9)*Paramètres!$C$18,Paramètres!$D$18)) -> 64069 | M9: =MIN(N($E9),Paramètres!$C$7)*Paramètres!$C$6 -> 11746.13 | N9: =MIN(M9,I9*Paramètres!$C$8) -> 11746.13 | O9: =I9*IF(K9="Cadre supérieur",Paramètres!$C$10,Paramètres!$C$9) -> 37374.25 | P9: =MAX(0,ROUNDDOWN(N($E9)-L9-N9-O9,-2)) -> 100300 | Q9: =SUMPRODUCT((P9>Paramètres!$B$21:$B$27)*(P9-Paramètres!$B$21:$B$27)*Paramètres!$E$21:$E$27) -> 9777.1 | R9: =Q9*INDEX(Paramètres!$C$31:$C$38,MIN(MAX(INT(N(J9)),0),7)+1) -> 0 | S9: =ROUND(Q9-R9,0) -> 9777 | T9: =ROUND(N($E9)*Paramètres!$C$13,0) -> 6407 | U9: =ROUND(MAX(0,N($E9)-(Q9-R9)-M9)*Paramètres!$C$12,0) -> 1920 | V9: =ROUND(N($E9)-M9-S9-U9,0) -> 190123
B10: 4 | C10: SALO Arouna | D10: 45778 | E10: ='Jan-fév-mars-avril-mai-juin'!H8 -> 213566 | F10: =MIN(ROUNDDOWN(N($E10)*Paramètres!$C$16,0),Paramètres!$D$16) -> 42713 | G10: =MIN(ROUNDDOWN(N($E10)*Paramètres!$C$17,0),Paramètres!$D$17) -> 10678 | H10: =MIN(ROUNDDOWN(N($E10)*Paramètres!$C$18,0),Paramètres!$D$18) -> 10678 | I10: =N($E10)-(F10+G10+H10) -> 149497 | J10: 0 | K10: =IF(I10<Paramètres!$C$11,"Cadre inférieur","Cadre supérieur") -> Cadre inférieur | L10: =MIN(F10,MIN(N($E10)*Paramètres!$C$16,Paramètres!$D$16))+MIN(G10,MIN(N($E10)*Paramètres!$C$17,Paramètres!$D$17))+MIN(H10,MIN(N($E10)*Paramètres!$C$18,Paramètres!$D$18)) -> 64069 | M10: =MIN(N($E10),Paramètres!$C$7)*Paramètres!$C$6 -> 11746.13 | N10: =MIN(M10,I10*Paramètres!$C$8) -> 11746.13 | O10: =I10*IF(K10="Cadre supérieur",Paramètres!$C$10,Paramètres!$C$9) -> 37374.25 | P10: =MAX(0,ROUNDDOWN(N($E10)-L10-N10-O10,-2)) -> 100300 | Q10: =SUMPRODUCT((P10>Paramètres!$B$21:$B$27)*(P10-Paramètres!$B$21:$B$27)*Paramètres!$E$21:$E$27) -> 9777.1 | R10: =Q10*INDEX(Paramètres!$C$31:$C$38,MIN(MAX(INT(N(J10)),0),7)+1) -> 0 | S10: =ROUND(Q10-R10,0) -> 9777 | T10: =ROUND(N($E10)*Paramètres!$C$13,0) -> 6407 | U10: =ROUND(MAX(0,N($E10)-(Q10-R10)-M10)*Paramètres!$C$12,0) -> 1920 | V10: =ROUND(N($E10)-M10-S10-U10,0) -> 190123
B11: 5 | C11: ILBOUDO Jean Marie | D11: 46000 | E11: ='Jan-fév-mars-avril-mai-juin'!H9 -> 177387 | F11: =MIN(ROUNDDOWN(N($E11)*Paramètres!$C$16,0),Paramètres!$D$16) -> 35477 | G11: =MIN(ROUNDDOWN(N($E11)*Paramètres!$C$17,0),Paramètres!$D$17) -> 8869 | H11: =MIN(ROUNDDOWN(N($E11)*Paramètres!$C$18,0),Paramètres!$D$18) -> 8869 | I11: =N($E11)-(F11+G11+H11) -> 124172 | J11: 0 | K11: =IF(I11<Paramètres!$C$11,"Cadre inférieur","Cadre supérieur") -> Cadre inférieur | L11: =MIN(F11,MIN(N($E11)*Paramètres!$C$16,Paramètres!$D$16))+MIN(G11,MIN(N($E11)*Paramètres!$C$17,Paramètres!$D$17))+MIN(H11,MIN(N($E11)*Paramètres!$C$18,Paramètres!$D$18)) -> 53215 | M11: =MIN(N($E11),Paramètres!$C$7)*Paramètres!$C$6 -> 9756.285 | N11: =MIN(M11,I11*Paramètres!$C$8) -> 9756.285 | O11: =I11*IF(K11="Cadre supérieur",Paramètres!$C$10,Paramètres!$C$9) -> 31043 | P11: =MAX(0,ROUNDDOWN(N($E11)-L11-N11-O11,-2)) -> 83300 | Q11: =SUMPRODUCT((P11>Paramètres!$B$21:$B$27)*(P11-Paramètres!$B$21:$B$27)*Paramètres!$E$21:$E$27) -> 7108.1 | R11: =Q11*INDEX(Paramètres!$C$31:$C$38,MIN(MAX(INT(N(J11)),0),7)+1) -> 0 | S11: =ROUND(Q11-R11,0) -> 7108 | T11: =ROUND(N($E11)*Paramètres!$C$13,0) -> 5322 | U11: =ROUND(MAX(0,N($E11)-(Q11-R11)-M11)*Paramètres!$C$12,0) -> 1605 | V11: =ROUND(N($E11)-M11-S11-U11,0) -> 158918
B12: 6 | C12: KOMPAORE Anicet | D12: 45778 | E12: ='Jan-fév-mars-avril-mai-juin'!H10 -> 225778 | F12: =MIN(ROUNDDOWN(N($E12)*Paramètres!$C$16,0),Paramètres!$D$16) -> 45155 | G12: =MIN(ROUNDDOWN(N($E12)*Paramètres!$C$17,0),Paramètres!$D$17) -> 11288 | H12: =MIN(ROUNDDOWN(N($E12)*Paramètres!$C$18,0),Paramètres!$D$18) -> 11288 | I12: =N($E12)-(F12+G12+H12) -> 158047 | J12: 0 | K12: =IF(I12<Paramètres!$C$11,"Cadre inférieur","Cadre supérieur") -> Cadre supérieur | L12: =MIN(F12,MIN(N($E12)*Paramètres!$C$16,Paramètres!$D$16))+MIN(G12,MIN(N($E12)*Paramètres!$C$17,Paramètres!$D$17))+MIN(H12,MIN(N($E12)*Paramètres!$C$18,Paramètres!$D$18)) -> 67731 | M12: =MIN(N($E12),Paramètres!$C$7)*Paramètres!$C$6 -> 12417.79 | N12: =MIN(M12,I12*Paramètres!$C$8) -> 12417.79 | O12: =I12*IF(K12="Cadre supérieur",Paramètres!$C$10,Paramètres!$C$9) -> 31609.4 | P12: =MAX(0,ROUNDDOWN(N($E12)-L12-N12-O12,-2)) -> 114000 | Q12: =SUMPRODUCT((P12>Paramètres!$B$21:$B$27)*(P12-Paramètres!$B$21:$B$27)*Paramètres!$E$21:$E$27) -> 11928 | R12: =Q12*INDEX(Paramètres!$C$31:$C$38,MIN(MAX(INT(N(J12)),0),7)+1) -> 0 | S12: =ROUND(Q12-R12,0) -> 11928 | T12: =ROUND(N($E12)*Paramètres!$C$13,0) -> 6773 | U12: =ROUND(MAX(0,N($E12)-(Q12-R12)-M12)*Paramètres!$C$12,0) -> 2014 | V12: =ROUND(N($E12)-M12-S12-U12,0) -> 199418
B13: 7 | C13: BASSOLE Ines | D13: 45677 | E13: ='Jan-fév-mars-avril-mai-juin'!H11 -> 286055 | F13: =MIN(ROUNDDOWN(N($E13)*Paramètres!$C$16,0),Paramètres!$D$16) -> 57211 | G13: =MIN(ROUNDDOWN(N($E13)*Paramètres!$C$17,0),Paramètres!$D$17) -> 14302 | H13: =MIN(ROUNDDOWN(N($E13)*Paramètres!$C$18,0),Paramètres!$D$18) -> 14302 | I13: =N($E13)-(F13+G13+H13) -> 200240 | J13: 0 | K13: =IF(I13<Paramètres!$C$11,"Cadre inférieur","Cadre supérieur") -> Cadre supérieur | L13: =MIN(F13,MIN(N($E13)*Paramètres!$C$16,Paramètres!$D$16))+MIN(G13,MIN(N($E13)*Paramètres!$C$17,Paramètres!$D$17))+MIN(H13,MIN(N($E13)*Paramètres!$C$18,Paramètres!$D$18)) -> 85815 | M13: =MIN(N($E13),Paramètres!$C$7)*Paramètres!$C$6 -> 15733.025 | N13: =MIN(M13,I13*Paramètres!$C$8) -> 15733.025 | O13: =I13*IF(K13="Cadre supérieur",Paramètres!$C$10,Paramètres!$C$9) -> 40048 | P13: =MAX(0,ROUNDDOWN(N($E13)-L13-N13-O13,-2)) -> 144400 | Q13: =SUMPRODUCT((P13>Paramètres!$B$21:$B$27)*(P13-Paramètres!$B$21:$B$27)*Paramètres!$E$21:$E$27) -> 17359.6 | R13: =Q13*INDEX(Paramètres!$C$31:$C$38,MIN(MAX(INT(N(J13)),0),7)+1) -> 0 | S13: =ROUND(Q13-R13,0) -> 17360 | T13: =ROUND(N($E13)*Paramètres!$C$13,0) -> 8582 | U13: =ROUND(MAX(0,N($E13)-(Q13-R13)-M13)*Paramètres!$C$12,0) -> 2530 | V13: =ROUND(N($E13)-M13-S13-U13,0) -> 250432
B14: 8 | C14: KABRE Ali | D14: 45677 | E14: ='Jan-fév-mars-avril-mai-juin'!H12 -> 286055 | F14: =MIN(ROUNDDOWN(N($E14)*Paramètres!$C$16,0),Paramètres!$D$16) -> 57211 | G14: =MIN(ROUNDDOWN(N($E14)*Paramètres!$C$17,0),Paramètres!$D$17) -> 14302 | H14: =MIN(ROUNDDOWN(N($E14)*Paramètres!$C$18,0),Paramètres!$D$18) -> 14302 | I14: =N($E14)-(F14+G14+H14) -> 200240 | J14: 0 | K14: =IF(I14<Paramètres!$C$11,"Cadre inférieur","Cadre supérieur") -> Cadre supérieur | L14: =MIN(F14,MIN(N($E14)*Paramètres!$C$16,Paramètres!$D$16))+MIN(G14,MIN(N($E14)*Paramètres!$C$17,Paramètres!$D$17))+MIN(H14,MIN(N($E14)*Paramètres!$C$18,Paramètres!$D$18)) -> 85815 | M14: =MIN(N($E14),Paramètres!$C$7)*Paramètres!$C$6 -> 15733.025 | N14: =MIN(M14,I14*Paramètres!$C$8) -> 15733.025 | O14: =I14*IF(K14="Cadre supérieur",Paramètres!$C$10,Paramètres!$C$9) -> 40048 | P14: =MAX(0,ROUNDDOWN(N($E14)-L14-N14-O14,-2)) -> 144400 | Q14: =SUMPRODUCT((P14>Paramètres!$B$21:$B$27)*(P14-Paramètres!$B$21:$B$27)*Paramètres!$E$21:$E$27) -> 17359.6 | R14: =Q14*INDEX(Paramètres!$C$31:$C$38,MIN(MAX(INT(N(J14)),0),7)+1) -> 0 | S14: =ROUND(Q14-R14,0) -> 17360 | T14: =ROUND(N($E14)*Paramètres!$C$13,0) -> 8582 | U14: =ROUND(MAX(0,N($E14)-(Q14-R14)-M14)*Paramètres!$C$12,0) -> 2530 | V14: =ROUND(N($E14)-M14-S14-U14,0) -> 250432
B15: 9 | C15: KABRE Esther | D15: 46092 | E15: ='Jan-fév-mars-avril-mai-juin'!H13 -> 135983 | F15: =MIN(ROUNDDOWN(N($E15)*Paramètres!$C$16,0),Paramètres!$D$16) -> 27196 | G15: =MIN(ROUNDDOWN(N($E15)*Paramètres!$C$17,0),Paramètres!$D$17) -> 6799 | H15: =MIN(ROUNDDOWN(N($E15)*Paramètres!$C$18,0),Paramètres!$D$18) -> 6799 | I15: =N($E15)-(F15+G15+H15) -> 95189 | J15: 0 | K15: =IF(I15<Paramètres!$C$11,"Cadre inférieur","Cadre supérieur") -> Cadre inférieur | L15: =MIN(F15,MIN(N($E15)*Paramètres!$C$16,Paramètres!$D$16))+MIN(G15,MIN(N($E15)*Paramètres!$C$17,Paramètres!$D$17))+MIN(H15,MIN(N($E15)*Paramètres!$C$18,Paramètres!$D$18)) -> 40794 | M15: =MIN(N($E15),Paramètres!$C$7)*Paramètres!$C$6 -> 7479.065 | N15: =MIN(M15,I15*Paramètres!$C$8) -> 7479.065 | O15: =I15*IF(K15="Cadre supérieur",Paramètres!$C$10,Paramètres!$C$9) -> 23797.25 | P15: =MAX(0,ROUNDDOWN(N($E15)-L15-N15-O15,-2)) -> 63900 | Q15: =SUMPRODUCT((P15>Paramètres!$B$21:$B$27)*(P15-Paramètres!$B$21:$B$27)*Paramètres!$E$21:$E$27) -> 4352.1 | R15: =Q15*INDEX(Paramètres!$C$31:$C$38,MIN(MAX(INT(N(J15)),0),7)+1) -> 0 | S15: =ROUND(Q15-R15,0) -> 4352 | T15: =ROUND(N($E15)*Paramètres!$C$13,0) -> 4079 | U15: =ROUND(MAX(0,N($E15)-(Q15-R15)-M15)*Paramètres!$C$12,0) -> 1242 | V15: =ROUND(N($E15)-M15-S15-U15,0) -> 122910
B16: Total par mois | E16: =SUM(E7:E15) -> 1977731 | F16: =SUM(F7:F15) -> 395543 | G16: =SUM(G7:G15) -> 98882 | H16: =SUM(H7:H15) -> 98882 | I16: =SUM(I7:I15) -> 1384424 | L16: =SUM(L7:L15) -> 593307 | M16: =SUM(M7:M15) -> 108775.21 | N16: =SUM(N7:N15) -> 108775.21 | O16: =SUM(O7:O15) -> 310277.3 | P16: =SUM(P7:P15) -> 964900 | Q16: =SUM(Q7:Q15) -> 99366.7 | R16: =SUM(R7:R15) -> 0 | S16: =SUM(S7:S15) -> 99367 | ... V16: =SUM(V7:V15) -> 1751894
B17: CUMUL depuis janvier | E17: =Mars!E17+E16 -> 5490965 | S17: =Mars!S17+S16 -> 287685 | T17: =Mars!T17+T16 -> 164729 | U17: =Mars!U17+U16 -> 49013 | V17: =Mars!V17+V16 -> 4852263
C19: Hypothèses du calcul IUTS (modifiables) :
C20: • 0 charge de famille pour tous — colonne « Nb charges » à corriger au besoin.
C21: • Catégorie : salaire de base < 150 000 → cadre inférieur (abattement 25 %) ; sinon cadre supérieur (abattement 20 %).
C22: • Rosalaire = 1 % × (brut − IUTS − CNSS) ; net à payer = brut − CNSS − IUTS − Rosalaire ; TPA = 3 % du brut, à la charge de l'employeur.
C23: • Brut ventilé au maximum exonéré : logement 20 % (≤ 75 000), transport 5 % (≤ 30 000), fonction 5 % (≤ 50 000) du brut ; le reste = salaire de base.
C24: • Taux, plafonds et barème : onglet « Paramètres ». IUTS net arrondi au franc.

Sheet Mai
B4: ETAT DES SALAIRES KS SARL
B5: Période: | D5: MAI 2026 | F5: Ventilation simulée (max. exonéré) | J5: Hypothèses | L5: Calcul IUTS | T5: TPA, Rosalaire et net
B6: N° | C6: Nom&Prénom | D6: DATE D'ENTREE | E6: Brut Mai | F6: Ind. Logement | G6: Ind. Transport | H6: Ind. Fonction | I6: Salaire de base | J6: Nb charges | K6: Catégorie | L6: Montant exonéré | M6: CNSS salarié 5,5 % | N6: Déduction retraite | O6: Abattement forfaitaire | P6: Base imposable (arr. 100) | Q6: IUTS brut | R6: Réduction charges | S6: IUTS NET | T6: TPA 3 % (patronale) | U6: Rosalaire 1 % | V6: SALAIRE NET À PAYER
B7: 1 | C7: OUEDRAOGO Abdoul Ganiyou | D7: 45881 | E7: ='Jan-fév-mars-avril-mai-juin'!I5 -> 225778 | F7: =MIN(ROUNDDOWN(N($E7)*Paramètres!$C$16,0),Paramètres!$D$16) -> 45155 | G7: =MIN(ROUNDDOWN(N($E7)*Paramètres!$C$17,0),Paramètres!$D$17) -> 11288 | H7: =MIN(ROUNDDOWN(N($E7)*Paramètres!$C$18,0),Paramètres!$D$18) -> 11288 | I7: =N($E7)-(F7+G7+H7) -> 158047 | J7: 0 | K7: =IF(I7<Paramètres!$C$11,"Cadre inférieur","Cadre supérieur") -> Cadre supérieur | L7: =MIN(F7,MIN(N($E7)*Paramètres!$C$16,Paramètres!$D$16))+MIN(G7,MIN(N($E7)*Paramètres!$C$17,Paramètres!$D$17))+MIN(H7,MIN(N($E7)*Paramètres!$C$18,Paramètres!$D$18)) -> 67731 | M7: =MIN(N($E7),Paramètres!$C$7)*Paramètres!$C$6 -> 12417.79 | N7: =MIN(M7,I7*Paramètres!$C$8) -> 12417.79 | O7: =I7*IF(K7="Cadre supérieur",Paramètres!$C$10,Paramètres!$C$9) -> 31609.4 | P7: =MAX(0,ROUNDDOWN(N($E7)-L7-N7-O7,-2)) -> 114000 | Q7: =SUMPRODUCT((P7>Paramètres!$B$21:$B$27)*(P7-Paramètres!$B$21:$B$27)*Paramètres!$E$21:$E$27) -> 11928 | R7: =Q7*INDEX(Paramètres!$C$31:$C$38,MIN(MAX(INT(N(J7)),0),7)+1) -> 0 | S7: =ROUND(Q7-R7,0) -> 11928 | T7: =ROUND(N($E7)*Paramètres!$C$13,0) -> 6773 | U7: =ROUND(MAX(0,N($E7)-(Q7-R7)-M7)*Paramètres!$C$12,0) -> 2014 | V7: =ROUND(N($E7)-M7-S7-U7,0) -> 199418
B8: 2 | C8: OUEDRAOGO Mohamed | D8: 45778 | E8: ='Jan-fév-mars-avril-mai-juin'!I6 -> 213563 | F8: =MIN(ROUNDDOWN(N($E8)*Paramètres!$C$16,0),Paramètres!$D$16) -> 42712 | G8: =MIN(ROUNDDOWN(N($E8)*Paramètres!$C$17,0),Paramètres!$D$17) -> 10678 | H8: =MIN(ROUNDDOWN(N($E8)*Paramètres!$C$18,0),Paramètres!$D$18) -> 10678 | I8: =N($E8)-(F8+G8+H8) -> 149495 | J8: 0 | K8: =IF(I8<Paramètres!$C$11,"Cadre inférieur","Cadre supérieur") -> Cadre inférieur | L8: =MIN(F8,MIN(N($E8)*Paramètres!$C$16,Paramètres!$D$16))+MIN(G8,MIN(N($E8)*Paramètres!$C$17,Paramètres!$D$17))+MIN(H8,MIN(N($E8)*Paramètres!$C$18,Paramètres!$D$18)) -> 64068 | M8: =MIN(N($E8),Paramètres!$C$7)*Paramètres!$C$6 -> 11745.965 | N8: =MIN(M8,I8*Paramètres!$C$8) -> 11745.965 | O8: =I8*IF(K8="Cadre supérieur",Paramètres!$C$10,Paramètres!$C$9) -> 37373.75 | P8: =MAX(0,ROUNDDOWN(N($E8)-L8-N8-O8,-2)) -> 100300 | Q8: =SUMPRODUCT((P8>Paramètres!$B$21:$B$27)*(P8-Paramètres!$B$21:$B$27)*Paramètres!$E$21:$E$27) -> 9777.1 | R8: =Q8*INDEX(Paramètres!$C$31:$C$38,MIN(MAX(INT(N(J8)),0),7)+1) -> 0 | S8: =ROUND(Q8-R8,0) -> 9777 | T8: =ROUND(N($E8)*Paramètres!$C$13,0) -> 6407 | U8: =ROUND(MAX(0,N($E8)-(Q8-R8)-M8)*Paramètres!$C$12,0) -> 1920 | V8: =ROUND(N($E8)-M8-S8-U8,0) -> 190120
B9: 3 | C9: SAWADOGO Ibrahim | D9: 45912 | E9: ='Jan-fév-mars-avril-mai-juin'!I7 -> 213566 | F9: =MIN(ROUNDDOWN(N($E9)*Paramètres!$C$16,0),Paramètres!$D$16) -> 42713 | G9: =MIN(ROUNDDOWN(N($E9)*Paramètres!$C$17,0),Paramètres!$D$17) -> 10678 | H9: =MIN(ROUNDDOWN(N($E9)*Paramètres!$C$18,0),Paramètres!$D$18) -> 10678 | I9: =N($E9)-(F9+G9+H9) -> 149497 | J9: 0 | K9: =IF(I9<Paramètres!$C$11,"Cadre inférieur","Cadre supérieur") -> Cadre inférieur | L9: =MIN(F9,MIN(N($E9)*Paramètres!$C$16,Paramètres!$D$16))+MIN(G9,MIN(N($E9)*Paramètres!$C$17,Paramètres!$D$17))+MIN(H9,MIN(N($E9)*Paramètres!$C$18,Paramètres!$D$18)) -> 64069 | M9: =MIN(N($E9),Paramètres!$C$7)*Paramètres!$C$6 -> 11746.13 | N9: =MIN(M9,I9*Paramètres!$C$8) -> 11746.13 | O9: =I9*IF(K9="Cadre supérieur",Paramètres!$C$10,Paramètres!$C$9) -> 37374.25 | P9: =MAX(0,ROUNDDOWN(N($E9)-L9-N9-O9,-2)) -> 100300 | Q9: =SUMPRODUCT((P9>Paramètres!$B$21:$B$27)*(P9-Paramètres!$B$21:$B$27)*Paramètres!$E$21:$E$27) -> 9777.1 | R9: =Q9*INDEX(Paramètres!$C$31:$C$38,MIN(MAX(INT(N(J9)),0),7)+1) -> 0 | S9: =ROUND(Q9-R9,0) -> 9777 | T9: =ROUND(N($E9)*Paramètres!$C$13,0) -> 6407 | U9: =ROUND(MAX(0,N($E9)-(Q9-R9)-M9)*Paramètres!$C$12,0) -> 1920 | V9: =ROUND(N($E9)-M9-S9-U9,0) -> 190123
B10: 4 | C10: SALO Arouna | D10: 45778 | E10: ='Jan-fév-mars-avril-mai-juin'!I8 -> 213566 | F10: =MIN(ROUNDDOWN(N($E10)*Paramètres!$C$16,0),Paramètres!$D$16) -> 42713 | G10: =MIN(ROUNDDOWN(N($E10)*Paramètres!$C$17,0),Paramètres!$D$17) -> 10678 | H10: =MIN(ROUNDDOWN(N($E10)*Paramètres!$C$18,0),Paramètres!$D$18) -> 10678 | I10: =N($E10)-(F10+G10+H10) -> 149497 | J10: 0 | K10: =IF(I10<Paramètres!$C$11,"Cadre inférieur","Cadre supérieur") -> Cadre inférieur | L10: =MIN(F10,MIN(N($E10)*Paramètres!$C$16,Paramètres!$D$16))+MIN(G10,MIN(N($E10)*Paramètres!$C$17,Paramètres!$D$17))+MIN(H10,MIN(N($E10)*Paramètres!$C$18,Paramètres!$D$18)) -> 64069 | M10: =MIN(N($E10),Paramètres!$C$7)*Paramètres!$C$6 -> 11746.13 | N10: =MIN(M10,I10*Paramètres!$C$8) -> 11746.13 | O10: =I10*IF(K10="Cadre supérieur",Paramètres!$C$10,Paramètres!$C$9) -> 37374.25 | P10: =MAX(0,ROUNDDOWN(N($E10)-L10-N10-O10,-2)) -> 100300 | Q10: =SUMPRODUCT((P10>Paramètres!$B$21:$B$27)*(P10-Paramètres!$B$21:$B$27)*Paramètres!$E$21:$E$27) -> 9777.1 | R10: =Q10*INDEX(Paramètres!$C$31:$C$38,MIN(MAX(INT(N(J10)),0),7)+1) -> 0 | S10: =ROUND(Q10-R10,0) -> 9777 | T10: =ROUND(N($E10)*Paramètres!$C$13,0) -> 6407 | U10: =ROUND(MAX(0,N($E10)-(Q10-R10)-M10)*Paramètres!$C$12,0) -> 1920 | V10: =ROUND(N($E10)-M10-S10-U10,0) -> 190123
B11: 5 | C11: ILBOUDO Jean Marie | D11: 46000 | E11: ='Jan-fév-mars-avril-mai-juin'!I9 -> 177387 | F11: =MIN(ROUNDDOWN(N($E11)*Paramètres!$C$16,0),Paramètres!$D$16) -> 35477 | G11: =MIN(ROUNDDOWN(N($E11)*Paramètres!$C$17,0),Paramètres!$D$17) -> 8869 | H11: =MIN(ROUNDDOWN(N($E11)*Paramètres!$C$18,0),Paramètres!$D$18) -> 8869 | I11: =N($E11)-(F11+G11+H11) -> 124172 | J11: 0 | K11: =IF(I11<Paramètres!$C$11,"Cadre inférieur","Cadre supérieur") -> Cadre inférieur | L11: =MIN(F11,MIN(N($E11)*Paramètres!$C$16,Paramètres!$D$16))+MIN(G11,MIN(N($E11)*Paramètres!$C$17,Paramètres!$D$17))+MIN(H11,MIN(N($E11)*Paramètres!$C$18,Paramètres!$D$18)) -> 53215 | M11: =MIN(N($E11),Paramètres!$C$7)*Paramètres!$C$6 -> 9756.285 | N11: =MIN(M11,I11*Paramètres!$C$8) -> 9756.285 | O11: =I11*IF(K11="Cadre supérieur",Paramètres!$C$10,Paramètres!$C$9) -> 31043 | P11: =MAX(0,ROUNDDOWN(N($E11)-L11-N11-O11,-2)) -> 83300 | Q11: =SUMPRODUCT((P11>Paramètres!$B$21:$B$27)*(P11-Paramètres!$B$21:$B$27)*Paramètres!$E$21:$E$27) -> 7108.1 | R11: =Q11*INDEX(Paramètres!$C$31:$C$38,MIN(MAX(INT(N(J11)),0),7)+1) -> 0 | S11: =ROUND(Q11-R11,0) -> 7108 | T11: =ROUND(N($E11)*Paramètres!$C$13,0) -> 5322 | U11: =ROUND(MAX(0,N($E11)-(Q11-R11)-M11)*Paramètres!$C$12,0) -> 1605 | V11: =ROUND(N($E11)-M11-S11-U11,0) -> 158918
B12: 6 | C12: KOMPAORE Anicet | D12: 45778 | E12: ='Jan-fév-mars-avril-mai-juin'!I10 -> 225778 | F12: =MIN(ROUNDDOWN(N($E12)*Paramètres!$C$16,0),Paramètres!$D$16) -> 45155 | G12: =MIN(ROUNDDOWN(N($E12)*Paramètres!$C$17,0),Paramètres!$D$17) -> 11288 | H12: =MIN(ROUNDDOWN(N($E12)*Paramètres!$C$18,0),Paramètres!$D$18) -> 11288 | I12: =N($E12)-(F12+G12+H12) -> 158047 | J12: 0 | K12: =IF(I12<Paramètres!$C$11,"Cadre inférieur","Cadre supérieur") -> Cadre supérieur | L12: =MIN(F12,MIN(N($E12)*Paramètres!$C$16,Paramètres!$D$16))+MIN(G12,MIN(N($E12)*Paramètres!$C$17,Paramètres!$D$17))+MIN(H12,MIN(N($E12)*Paramètres!$C$18,Paramètres!$D$18)) -> 67731 | M12: =MIN(N($E12),Paramètres!$C$7)*Paramètres!$C$6 -> 12417.79 | N12: =MIN(M12,I12*Paramètres!$C$8) -> 12417.79 | O12: =I12*IF(K12="Cadre supérieur",Paramètres!$C$10,Paramètres!$C$9) -> 31609.4 | P12: =MAX(0,ROUNDDOWN(N($E12)-L12-N12-O12,-2)) -> 114000 | Q12: =SUMPRODUCT((P12>Paramètres!$B$21:$B$27)*(P12-Paramètres!$B$21:$B$27)*Paramètres!$E$21:$E$27) -> 11928 | R12: =Q12*INDEX(Paramètres!$C$31:$C$38,MIN(MAX(INT(N(J12)),0),7)+1) -> 0 | S12: =ROUND(Q12-R12,0) -> 11928 | T12: =ROUND(N($E12)*Paramètres!$C$13,0) -> 6773 | U12: =ROUND(MAX(0,N($E12)-(Q12-R12)-M12)*Paramètres!$C$12,0) -> 2014 | V12: =ROUND(N($E12)-M12-S12-U12,0) -> 199418
B13: 7 | C13: BASSOLE Ines | D13: 45677 | E13: ='Jan-fév-mars-avril-mai-juin'!I11 -> 346515 | F13: =MIN(ROUNDDOWN(N($E13)*Paramètres!$C$16,0),Paramètres!$D$16) -> 69303 | G13: =MIN(ROUNDDOWN(N($E13)*Paramètres!$C$17,0),Paramètres!$D$17) -> 17325 | H13: =MIN(ROUNDDOWN(N($E13)*Paramètres!$C$18,0),Paramètres!$D$18) -> 17325 | I13: =N($E13)-(F13+G13+H13) -> 242562 | J13: 0 | K13: =IF(I13<Paramètres!$C$11,"Cadre inférieur","Cadre supérieur") -> Cadre supérieur | L13: =MIN(F13,MIN(N($E13)*Paramètres!$C$16,Paramètres!$D$16))+MIN(G13,MIN(N($E13)*Paramètres!$C$17,Paramètres!$D$17))+MIN(H13,MIN(N($E13)*Paramètres!$C$18,Paramètres!$D$18)) -> 103953 | M13: =MIN(N($E13),Paramètres!$C$7)*Paramètres!$C$6 -> 19058.325 | N13: =MIN(M13,I13*Paramètres!$C$8) -> 19058.325 | O13: =I13*IF(K13="Cadre supérieur",Paramètres!$C$10,Paramètres!$C$9) -> 48512.4 | P13: =MAX(0,ROUNDDOWN(N($E13)-L13-N13-O13,-2)) -> 174900 | Q13: =SUMPRODUCT((P13>Paramètres!$B$21:$B$27)*(P13-Paramètres!$B$21:$B$27)*Paramètres!$E$21:$E$27) -> 23133.3 | R13: =Q13*INDEX(Paramètres!$C$31:$C$38,MIN(MAX(INT(N(J13)),0),7)+1) -> 0 | S13: =ROUND(Q13-R13,0) -> 23133 | T13: =ROUND(N($E13)*Paramètres!$C$13,0) -> 10395 | U13: =ROUND(MAX(0,N($E13)-(Q13-R13)-M13)*Paramètres!$C$12,0) -> 3043 | V13: =ROUND(N($E13)-M13-S13-U13,0) -> 301281
B14: 8 | C14: KABRE Ali | D14: 45677 | E14: ='Jan-fév-mars-avril-mai-juin'!I12 -> 346515 | F14: =MIN(ROUNDDOWN(N($E14)*Paramètres!$C$16,0),Paramètres!$D$16) -> 69303 | G14: =MIN(ROUNDDOWN(N($E14)*Paramètres!$C$17,0),Paramètres!$D$17) -> 17325 | H14: =MIN(ROUNDDOWN(N($E14)*Paramètres!$C$18,0),Paramètres!$D$18) -> 17325 | I14: =N($E14)-(F14+G14+H14) -> 242562 | J14: 0 | K14: =IF(I14<Paramètres!$C$11,"Cadre inférieur","Cadre supérieur") -> Cadre supérieur | L14: =MIN(F14,MIN(N($E14)*Paramètres!$C$16,Paramètres!$D$16))+MIN(G14,MIN(N($E14)*Paramètres!$C$17,Paramètres!$D$17))+MIN(H14,MIN(N($E14)*Paramètres!$C$18,Paramètres!$D$18)) -> 103953 | M14: =MIN(N($E14),Paramètres!$C$7)*Paramètres!$C$6 -> 19058.325 | N14: =MIN(M14,I14*Paramètres!$C$8) -> 19058.325 | O14: =I14*IF(K14="Cadre supérieur",Paramètres!$C$10,Paramètres!$C$9) -> 48512.4 | P14: =MAX(0,ROUNDDOWN(N($E14)-L14-N14-O14,-2)) -> 174900 | Q14: =SUMPRODUCT((P14>Paramètres!$B$21:$B$27)*(P14-Paramètres!$B$21:$B$27)*Paramètres!$E$21:$E$27) -> 23133.3 | R14: =Q14*INDEX(Paramètres!$C$31:$C$38,MIN(MAX(INT(N(J14)),0),7)+1) -> 0 | S14: =ROUND(Q14-R14,0) -> 23133 | T14: =ROUND(N($E14)*Paramètres!$C$13,0) -> 10395 | U14: =ROUND(MAX(0,N($E14)-(Q14-R14)-M14)*Paramètres!$C$12,0) -> 3043 | V14: =ROUND(N($E14)-M14-S14-U14,0) -> 301281
B15: 9 | C15: KABRE Esther | D15: 46092 | E15: ='Jan-fév-mars-avril-mai-juin'!I13 -> 165340 | F15: =MIN(ROUNDDOWN(N($E15)*Paramètres!$C$16,0),Paramètres!$D$16) -> 33068 | G15: =MIN(ROUNDDOWN(N($E15)*Paramètres!$C$17,0),Paramètres!$D$17) -> 8267 | H15: =MIN(ROUNDDOWN(N($E15)*Paramètres!$C$18,0),Paramètres!$D$18) -> 8267 | I15: =N($E15)-(F15+G15+H15) -> 115738 | J15: 0 | K15: =IF(I15<Paramètres!$C$11,"Cadre inférieur","Cadre supérieur") -> Cadre inférieur | L15: =MIN(F15,MIN(N($E15)*Paramètres!$C$16,Paramètres!$D$16))+MIN(G15,MIN(N($E15)*Paramètres!$C$17,Paramètres!$D$17))+MIN(H15,MIN(N($E15)*Paramètres!$C$18,Paramètres!$D$18)) -> 49602 | M15: =MIN(N($E15),Paramètres!$C$7)*Paramètres!$C$6 -> 9093.7 | N15: =MIN(M15,I15*Paramètres!$C$8) -> 9093.7 | O15: =I15*IF(K15="Cadre supérieur",Paramètres!$C$10,Paramètres!$C$9) -> 28934.5 | P15: =MAX(0,ROUNDDOWN(N($E15)-L15-N15-O15,-2)) -> 77700 | Q15: =SUMPRODUCT((P15>Paramètres!$B$21:$B$27)*(P15-Paramètres!$B$21:$B$27)*Paramètres!$E$21:$E$27) -> 6270.3 | R15: =Q15*INDEX(Paramètres!$C$31:$C$38,MIN(MAX(INT(N(J15)),0),7)+1) -> 0 | S15: =ROUND(Q15-R15,0) -> 6270 | T15: =ROUND(N($E15)*Paramètres!$C$13,0) -> 4960 | U15: =ROUND(MAX(0,N($E15)-(Q15-R15)-M15)*Paramètres!$C$12,0) -> 1500 | V15: =ROUND(N($E15)-M15-S15-U15,0) -> 148476
B16: Total par mois | E16: =SUM(E7:E15) -> 2128008 | F16: =SUM(F7:F15) -> 425599 | G16: =SUM(G7:G15) -> 106396 | H16: =SUM(H7:H15) -> 106396 | I16: =SUM(I7:I15) -> 1489617 | L16: =SUM(L7:L15) -> 638391 | M16: =SUM(M7:M15) -> 117040.44 | N16: =SUM(N7:N15) -> 117040.44 | O16: =SUM(O7:O15) -> 332343.35 | P16: =SUM(P7:P15) -> 1039700 | Q16: =SUM(Q7:Q15) -> 112832.3 | R16: =SUM(R7:R15) -> 0 | S16: =SUM(S7:S15) -> 112831 | ... V16: =SUM(V7:V15) -> 1879158
B17: CUMUL depuis janvier | E17: =Avril!E17+E16 -> 7618973 | S17: =Avril!S17+S16 -> 400516 | T17: =Avril!T17+T16 -> 228568 | U17: =Avril!U17+U16 -> 67992 | V17: =Avril!V17+V16 -> 6731421
C19: Hypothèses du calcul IUTS (modifiables) :
C20: • 0 charge de famille pour tous — colonne « Nb charges » à corriger au besoin.
C21: • Catégorie : salaire de base < 150 000 → cadre inférieur (abattement 25 %) ; sinon cadre supérieur (abattement 20 %).
C22: • Rosalaire = 1 % × (brut − IUTS − CNSS) ; net à payer = brut − CNSS − IUTS − Rosalaire ; TPA = 3 % du brut, à la charge de l'employeur.
C23: • Brut ventilé au maximum exonéré : logement 20 % (≤ 75 000), transport 5 % (≤ 30 000), fonction 5 % (≤ 50 000) du brut ; le reste = salaire de base.
C24: • Taux, plafonds et barème : onglet « Paramètres ». IUTS net arrondi au franc.

Sheet Juin
B4: ETAT DES SALAIRES KS SARL
B5: Période: | D5: JUIN 2026 | F5: Ventilation simulée (max. exonéré) | J5: Hypothèses | L5: Calcul IUTS | T5: TPA, Rosalaire et net
B6: N° | C6: Nom&Prénom | D6: DATE D'ENTREE | E6: Brut Juin | F6: Ind. Logement | G6: Ind. Transport | H6: Ind. Fonction | I6: Salaire de base | J6: Nb charges | K6: Catégorie | L6: Montant exonéré | M6: CNSS salarié 5,5 % | N6: Déduction retraite | O6: Abattement forfaitaire | P6: Base imposable (arr. 100) | Q6: IUTS brut | R6: Réduction charges | S6: IUTS NET | T6: TPA 3 % (patronale) | U6: Rosalaire 1 % | V6: SALAIRE NET À PAYER
B7: 1 | C7: OUEDRAOGO Abdoul Ganiyou | D7: 45881 | E7: ='Jan-fév-mars-avril-mai-juin'!J5 -> 346515 | F7: =MIN(ROUNDDOWN(N($E7)*Paramètres!$C$16,0),Paramètres!$D$16) -> 69303 | G7: =MIN(ROUNDDOWN(N($E7)*Paramètres!$C$17,0),Paramètres!$D$17) -> 17325 | H7: =MIN(ROUNDDOWN(N($E7)*Paramètres!$C$18,0),Paramètres!$D$18) -> 17325 | I7: =N($E7)-(F7+G7+H7) -> 242562 | J7: 0 | K7: =IF(I7<Paramètres!$C$11,"Cadre inférieur","Cadre supérieur") -> Cadre supérieur | L7: =MIN(F7,MIN(N($E7)*Paramètres!$C$16,Paramètres!$D$16))+MIN(G7,MIN(N($E7)*Paramètres!$C$17,Paramètres!$D$17))+MIN(H7,MIN(N($E7)*Paramètres!$C$18,Paramètres!$D$18)) -> 103953 | M7: =MIN(N($E7),Paramètres!$C$7)*Paramètres!$C$6 -> 19058.325 | N7: =MIN(M7,I7*Paramètres!$C$8) -> 19058.325 | O7: =I7*IF(K7="Cadre supérieur",Paramètres!$C$10,Paramètres!$C$9) -> 48512.4 | P7: =MAX(0,ROUNDDOWN(N($E7)-L7-N7-O7,-2)) -> 174900 | Q7: =SUMPRODUCT((P7>Paramètres!$B$21:$B$27)*(P7-Paramètres!$B$21:$B$27)*Paramètres!$E$21:$E$27) -> 23133.3 | R7: =Q7*INDEX(Paramètres!$C$31:$C$38,MIN(MAX(INT(N(J7)),0),7)+1) -> 0 | S7: =ROUND(Q7-R7,0) -> 23133 | T7: =ROUND(N($E7)*Paramètres!$C$13,0) -> 10395 | U7: =ROUND(MAX(0,N($E7)-(Q7-R7)-M7)*Paramètres!$C$12,0) -> 3043 | V7: =ROUND(N($E7)-M7-S7-U7,0) -> 301281
B8: 2 | C8: OUEDRAOGO Mohamed | D8: 45778 | E8: ='Jan-fév-mars-avril-mai-juin'!J6 -> 225778 | F8: =MIN(ROUNDDOWN(N($E8)*Paramètres!$C$16,0),Paramètres!$D$16) -> 45155 | G8: =MIN(ROUNDDOWN(N($E8)*Paramètres!$C$17,0),Paramètres!$D$17) -> 11288 | H8: =MIN(ROUNDDOWN(N($E8)*Paramètres!$C$18,0),Paramètres!$D$18) -> 11288 | I8: =N($E8)-(F8+G8+H8) -> 158047 | J8: 0 | K8: =IF(I8<Paramètres!$C$11,"Cadre inférieur","Cadre supérieur") -> Cadre supérieur | L8: =MIN(F8,MIN(N($E8)*Paramètres!$C$16,Paramètres!$D$16))+MIN(G8,MIN(N($E8)*Paramètres!$C$17,Paramètres!$D$17))+MIN(H8,MIN(N($E8)*Paramètres!$C$18,Paramètres!$D$18)) -> 67731 | M8: =MIN(N($E8),Paramètres!$C$7)*Paramètres!$C$6 -> 12417.79 | N8: =MIN(M8,I8*Paramètres!$C$8) -> 12417.79 | O8: =I8*IF(K8="Cadre supérieur",Paramètres!$C$10,Paramètres!$C$9) -> 31609.4 | P8: =MAX(0,ROUNDDOWN(N($E8)-L8-N8-O8,-2)) -> 114000 | Q8: =SUMPRODUCT((P8>Paramètres!$B$21:$B$27)*(P8-Paramètres!$B$21:$B$27)*Paramètres!$E$21:$E$27) -> 11928 | R8: =Q8*INDEX(Paramètres!$C$31:$C$38,MIN(MAX(INT(N(J8)),0),7)+1) -> 0 | S8: =ROUND(Q8-R8,0) -> 11928 | T8: =ROUND(N($E8)*Paramètres!$C$13,0) -> 6773 | U8: =ROUND(MAX(0,N($E8)-(Q8-R8)-M8)*Paramètres!$C$12,0) -> 2014 | V8: =ROUND(N($E8)-M8-S8-U8,0) -> 199418
B9: 3 | C9: SAWADOGO Ibrahim | D9: 45912 | E9: ='Jan-fév-mars-avril-mai-juin'!J7 -> 225778 | F9: =MIN(ROUNDDOWN(N($E9)*Paramètres!$C$16,0),Paramètres!$D$16) -> 45155 | G9: =MIN(ROUNDDOWN(N($E9)*Paramètres!$C$17,0),Paramètres!$D$17) -> 11288 | H9: =MIN(ROUNDDOWN(N($E9)*Paramètres!$C$18,0),Paramètres!$D$18) -> 11288 | I9: =N($E9)-(F9+G9+H9) -> 158047 | J9: 0 | K9: =IF(I9<Paramètres!$C$11,"Cadre inférieur","Cadre supérieur") -> Cadre supérieur | L9: =MIN(F9,MIN(N($E9)*Paramètres!$C$16,Paramètres!$D$16))+MIN(G9,MIN(N($E9)*Paramètres!$C$17,Paramètres!$D$17))+MIN(H9,MIN(N($E9)*Paramètres!$C$18,Paramètres!$D$18)) -> 67731 | M9: =MIN(N($E9),Paramètres!$C$7)*Paramètres!$C$6 -> 12417.79 | N9: =MIN(M9,I9*Paramètres!$C$8) -> 12417.79 | O9: =I9*IF(K9="Cadre supérieur",Paramètres!$C$10,Paramètres!$C$9) -> 31609.4 | P9: =MAX(0,ROUNDDOWN(N($E9)-L9-N9-O9,-2)) -> 114000 | Q9: =SUMPRODUCT((P9>Paramètres!$B$21:$B$27)*(P9-Paramètres!$B$21:$B$27)*Paramètres!$E$21:$E$27) -> 11928 | R9: =Q9*INDEX(Paramètres!$C$31:$C$38,MIN(MAX(INT(N(J9)),0),7)+1) -> 0 | S9: =ROUND(Q9-R9,0) -> 11928 | T9: =ROUND(N($E9)*Paramètres!$C$13,0) -> 6773 | U9: =ROUND(MAX(0,N($E9)-(Q9-R9)-M9)*Paramètres!$C$12,0) -> 2014 | V9: =ROUND(N($E9)-M9-S9-U9,0) -> 199418
B10: 4 | C10: SALO Arouna | D10: 45778 | E10: ='Jan-fév-mars-avril-mai-juin'!J8 -> 213566 | F10: =MIN(ROUNDDOWN(N($E10)*Paramètres!$C$16,0),Paramètres!$D$16) -> 42713 | G10: =MIN(ROUNDDOWN(N($E10)*Paramètres!$C$17,0),Paramètres!$D$17) -> 10678 | H10: =MIN(ROUNDDOWN(N($E10)*Paramètres!$C$18,0),Paramètres!$D$18) -> 10678 | I10: =N($E10)-(F10+G10+H10) -> 149497 | J10: 0 | K10: =IF(I10<Paramètres!$C$11,"Cadre inférieur","Cadre supérieur") -> Cadre inférieur | L10: =MIN(F10,MIN(N($E10)*Paramètres!$C$16,Paramètres!$D$16))+MIN(G10,MIN(N($E10)*Paramètres!$C$17,Paramètres!$D$17))+MIN(H10,MIN(N($E10)*Paramètres!$C$18,Paramètres!$D$18)) -> 64069 | M10: =MIN(N($E10),Paramètres!$C$7)*Paramètres!$C$6 -> 11746.13 | N10: =MIN(M10,I10*Paramètres!$C$8) -> 11746.13 | O10: =I10*IF(K10="Cadre supérieur",Paramètres!$C$10,Paramètres!$C$9) -> 37374.25 | P10: =MAX(0,ROUNDDOWN(N($E10)-L10-N10-O10,-2)) -> 100300 | Q10: =SUMPRODUCT((P10>Paramètres!$B$21:$B$27)*(P10-Paramètres!$B$21:$B$27)*Paramètres!$E$21:$E$27) -> 9777.1 | R10: =Q10*INDEX(Paramètres!$C$31:$C$38,MIN(MAX(INT(N(J10)),0),7)+1) -> 0 | S10: =ROUND(Q10-R10,0) -> 9777 | T10: =ROUND(N($E10)*Paramètres!$C$13,0) -> 6407 | U10: =ROUND(MAX(0,N($E10)-(Q10-R10)-M10)*Paramètres!$C$12,0) -> 1920 | V10: =ROUND(N($E10)-M10-S10-U10,0) -> 190123
B11: 5 | C11: ILBOUDO Jean Marie | D11: 46000 | E11: ='Jan-fév-mars-avril-mai-juin'!J9 -> 177387 | F11: =MIN(ROUNDDOWN(N($E11)*Paramètres!$C$16,0),Paramètres!$D$16) -> 35477 | G11: =MIN(ROUNDDOWN(N($E11)*Paramètres!$C$17,0),Paramètres!$D$17) -> 8869 | H11: =MIN(ROUNDDOWN(N($E11)*Paramètres!$C$18,0),Paramètres!$D$18) -> 8869 | I11: =N($E11)-(F11+G11+H11) -> 124172 | J11: 0 | K11: =IF(I11<Paramètres!$C$11,"Cadre inférieur","Cadre supérieur") -> Cadre inférieur | L11: =MIN(F11,MIN(N($E11)*Paramètres!$C$16,Paramètres!$D$16))+MIN(G11,MIN(N($E11)*Paramètres!$C$17,Paramètres!$D$17))+MIN(H11,MIN(N($E11)*Paramètres!$C$18,Paramètres!$D$18)) -> 53215 | M11: =MIN(N($E11),Paramètres!$C$7)*Paramètres!$C$6 -> 9756.285 | N11: =MIN(M11,I11*Paramètres!$C$8) -> 9756.285 | O11: =I11*IF(K11="Cadre supérieur",Paramètres!$C$10,Paramètres!$C$9) -> 31043 | P11: =MAX(0,ROUNDDOWN(N($E11)-L11-N11-O11,-2)) -> 83300 | Q11: =SUMPRODUCT((P11>Paramètres!$B$21:$B$27)*(P11-Paramètres!$B$21:$B$27)*Paramètres!$E$21:$E$27) -> 7108.1 | R11: =Q11*INDEX(Paramètres!$C$31:$C$38,MIN(MAX(INT(N(J11)),0),7)+1) -> 0 | S11: =ROUND(Q11-R11,0) -> 7108 | T11: =ROUND(N($E11)*Paramètres!$C$13,0) -> 5322 | U11: =ROUND(MAX(0,N($E11)-(Q11-R11)-M11)*Paramètres!$C$12,0) -> 1605 | V11: =ROUND(N($E11)-M11-S11-U11,0) -> 158918
B12: 6 | C12: KOMPAORE Anicet | D12: 45778 | E12: ='Jan-fév-mars-avril-mai-juin'!J10 -> 225778 | F12: =MIN(ROUNDDOWN(N($E12)*Paramètres!$C$16,0),Paramètres!$D$16) -> 45155 | G12: =MIN(ROUNDDOWN(N($E12)*Paramètres!$C$17,0),Paramètres!$D$17) -> 11288 | H12: =MIN(ROUNDDOWN(N($E12)*Paramètres!$C$18,0),Paramètres!$D$18) -> 11288 | I12: =N($E12)-(F12+G12+H12) -> 158047 | J12: 0 | K12: =IF(I12<Paramètres!$C$11,"Cadre inférieur","Cadre supérieur") -> Cadre supérieur | L12: =MIN(F12,MIN(N($E12)*Paramètres!$C$16,Paramètres!$D$16))+MIN(G12,MIN(N($E12)*Paramètres!$C$17,Paramètres!$D$17))+MIN(H12,MIN(N($E12)*Paramètres!$C$18,Paramètres!$D$18)) -> 67731 | M12: =MIN(N($E12),Paramètres!$C$7)*Paramètres!$C$6 -> 12417.79 | N12: =MIN(M12,I12*Paramètres!$C$8) -> 12417.79 | O12: =I12*IF(K12="Cadre supérieur",Paramètres!$C$10,Paramètres!$C$9) -> 31609.4 | P12: =MAX(0,ROUNDDOWN(N($E12)-L12-N12-O12,-2)) -> 114000 | Q12: =SUMPRODUCT((P12>Paramètres!$B$21:$B$27)*(P12-Paramètres!$B$21:$B$27)*Paramètres!$E$21:$E$27) -> 11928 | R12: =Q12*INDEX(Paramètres!$C$31:$C$38,MIN(MAX(INT(N(J12)),0),7)+1) -> 0 | S12: =ROUND(Q12-R12,0) -> 11928 | T12: =ROUND(N($E12)*Paramètres!$C$13,0) -> 6773 | U12: =ROUND(MAX(0,N($E12)-(Q12-R12)-M12)*Paramètres!$C$12,0) -> 2014 | V12: =ROUND(N($E12)-M12-S12-U12,0) -> 199418
B13: 7 | C13: BASSOLE Ines | D13: 45677 | E13: ='Jan-fév-mars-avril-mai-juin'!J11 -> 346515 | F13: =MIN(ROUNDDOWN(N($E13)*Paramètres!$C$16,0),Paramètres!$D$16) -> 69303 | G13: =MIN(ROUNDDOWN(N($E13)*Paramètres!$C$17,0),Paramètres!$D$17) -> 17325 | H13: =MIN(ROUNDDOWN(N($E13)*Paramètres!$C$18,0),Paramètres!$D$18) -> 17325 | I13: =N($E13)-(F13+G13+H13) -> 242562 | J13: 0 | K13: =IF(I13<Paramètres!$C$11,"Cadre inférieur","Cadre supérieur") -> Cadre supérieur | L13: =MIN(F13,MIN(N($E13)*Paramètres!$C$16,Paramètres!$D$16))+MIN(G13,MIN(N($E13)*Paramètres!$C$17,Paramètres!$D$17))+MIN(H13,MIN(N($E13)*Paramètres!$C$18,Paramètres!$D$18)) -> 103953 | M13: =MIN(N($E13),Paramètres!$C$7)*Paramètres!$C$6 -> 19058.325 | N13: =MIN(M13,I13*Paramètres!$C$8) -> 19058.325 | O13: =I13*IF(K13="Cadre supérieur",Paramètres!$C$10,Paramètres!$C$9) -> 48512.4 | P13: =MAX(0,ROUNDDOWN(N($E13)-L13-N13-O13,-2)) -> 174900 | Q13: =SUMPRODUCT((P13>Paramètres!$B$21:$B$27)*(P13-Paramètres!$B$21:$B$27)*Paramètres!$E$21:$E$27) -> 23133.3 | R13: =Q13*INDEX(Paramètres!$C$31:$C$38,MIN(MAX(INT(N(J13)),0),7)+1) -> 0 | S13: =ROUND(Q13-R13,0) -> 23133 | T13: =ROUND(N($E13)*Paramètres!$C$13,0) -> 10395 | U13: =ROUND(MAX(0,N($E13)-(Q13-R13)-M13)*Paramètres!$C$12,0) -> 3043 | V13: =ROUND(N($E13)-M13-S13-U13,0) -> 301281
B14: 8 | C14: KABRE Ali | D14: 45677 | E14: ='Jan-fév-mars-avril-mai-juin'!J12 -> 346515 | F14: =MIN(ROUNDDOWN(N($E14)*Paramètres!$C$16,0),Paramètres!$D$16) -> 69303 | G14: =MIN(ROUNDDOWN(N($E14)*Paramètres!$C$17,0),Paramètres!$D$17) -> 17325 | H14: =MIN(ROUNDDOWN(N($E14)*Paramètres!$C$18,0),Paramètres!$D$18) -> 17325 | I14: =N($E14)-(F14+G14+H14) -> 242562 | J14: 0 | K14: =IF(I14<Paramètres!$C$11,"Cadre inférieur","Cadre supérieur") -> Cadre supérieur | L14: =MIN(F14,MIN(N($E14)*Paramètres!$C$16,Paramètres!$D$16))+MIN(G14,MIN(N($E14)*Paramètres!$C$17,Paramètres!$D$17))+MIN(H14,MIN(N($E14)*Paramètres!$C$18,Paramètres!$D$18)) -> 103953 | M14: =MIN(N($E14),Paramètres!$C$7)*Paramètres!$C$6 -> 19058.325 | N14: =MIN(M14,I14*Paramètres!$C$8) -> 19058.325 | O14: =I14*IF(K14="Cadre supérieur",Paramètres!$C$10,Paramètres!$C$9) -> 48512.4 | P14: =MAX(0,ROUNDDOWN(N($E14)-L14-N14-O14,-2)) -> 174900 | Q14: =SUMPRODUCT((P14>Paramètres!$B$21:$B$27)*(P14-Paramètres!$B$21:$B$27)*Paramètres!$E$21:$E$27) -> 23133.3 | R14: =Q14*INDEX(Paramètres!$C$31:$C$38,MIN(MAX(INT(N(J14)),0),7)+1) -> 0 | S14: =ROUND(Q14-R14,0) -> 23133 | T14: =ROUND(N($E14)*Paramètres!$C$13,0) -> 10395 | U14: =ROUND(MAX(0,N($E14)-(Q14-R14)-M14)*Paramètres!$C$12,0) -> 3043 | V14: =ROUND(N($E14)-M14-S14-U14,0) -> 301281
B15: 9 | C15: KABRE Esther | D15: 46092 | E15: ='Jan-fév-mars-avril-mai-juin'!J13 -> 165340 | F15: =MIN(ROUNDDOWN(N($E15)*Paramètres!$C$16,0),Paramètres!$D$16) -> 33068 | G15: =MIN(ROUNDDOWN(N($E15)*Paramètres!$C$17,0),Paramètres!$D$17) -> 8267 | H15: =MIN(ROUNDDOWN(N($E15)*Paramètres!$C$18,0),Paramètres!$D$18) -> 8267 | I15: =N($E15)-(F15+G15+H15) -> 115738 | J15: 0 | K15: =IF(I15<Paramètres!$C$11,"Cadre inférieur","Cadre supérieur") -> Cadre inférieur | L15: =MIN(F15,MIN(N($E15)*Paramètres!$C$16,Paramètres!$D$16))+MIN(G15,MIN(N($E15)*Paramètres!$C$17,Paramètres!$D$17))+MIN(H15,MIN(N($E15)*Paramètres!$C$18,Paramètres!$D$18)) -> 49602 | M15: =MIN(N($E15),Paramètres!$C$7)*Paramètres!$C$6 -> 9093.7 | N15: =MIN(M15,I15*Paramètres!$C$8) -> 9093.7 | O15: =I15*IF(K15="Cadre supérieur",Paramètres!$C$10,Paramètres!$C$9) -> 28934.5 | P15: =MAX(0,ROUNDDOWN(N($E15)-L15-N15-O15,-2)) -> 77700 | Q15: =SUMPRODUCT((P15>Paramètres!$B$21:$B$27)*(P15-Paramètres!$B$21:$B$27)*Paramètres!$E$21:$E$27) -> 6270.3 | R15: =Q15*INDEX(Paramètres!$C$31:$C$38,MIN(MAX(INT(N(J15)),0),7)+1) -> 0 | S15: =ROUND(Q15-R15,0) -> 6270 | T15: =ROUND(N($E15)*Paramètres!$C$13,0) -> 4960 | U15: =ROUND(MAX(0,N($E15)-(Q15-R15)-M15)*Paramètres!$C$12,0) -> 1500 | V15: =ROUND(N($E15)-M15-S15-U15,0) -> 148476
B16: Total par mois | E16: =SUM(E7:E15) -> 2273172 | F16: =SUM(F7:F15) -> 454632 | G16: =SUM(G7:G15) -> 113653 | H16: =SUM(H7:H15) -> 113653 | I16: =SUM(I7:I15) -> 1591234 | L16: =SUM(L7:L15) -> 681938 | M16: =SUM(M7:M15) -> 125024.46 | N16: =SUM(N7:N15) -> 125024.46 | O16: =SUM(O7:O15) -> 337717.15 | P16: =SUM(P7:P15) -> 1128000 | Q16: =SUM(Q7:Q15) -> 128339.4 | R16: =SUM(R7:R15) -> 0 | S16: =SUM(S7:S15) -> 128338 | ... V16: =SUM(V7:V15) -> 1999614
B17: CUMUL depuis janvier | E17: =Mai!E17+E16 -> 9892145 | S17: =Mai!S17+S16 -> 528854 | T17: =Mai!T17+T16 -> 296761 | U17: =Mai!U17+U16 -> 88188 | V17: =Mai!V17+V16 -> 8731035
C19: Hypothèses du calcul IUTS (modifiables) :
C20: • 0 charge de famille pour tous — colonne « Nb charges » à corriger au besoin.
C21: • Catégorie : salaire de base < 150 000 → cadre inférieur (abattement 25 %) ; sinon cadre supérieur (abattement 20 %).
C22: • Rosalaire = 1 % × (brut − IUTS − CNSS) ; net à payer = brut − CNSS − IUTS − Rosalaire ; TPA = 3 % du brut, à la charge de l'employeur.
C23: • Brut ventilé au maximum exonéré : logement 20 % (≤ 75 000), transport 5 % (≤ 30 000), fonction 5 % (≤ 50 000) du brut ; le reste = salaire de base.
C24: • Taux, plafonds et barème : onglet « Paramètres ». IUTS net arrondi au franc.

Sheet Juillet
B4: ETAT DES SALAIRES KS SARL
B5: Période: | D5: JUILLET 2026 | F5: Ventilation simulée (max. exonéré) | J5: Hypothèses | L5: Calcul IUTS | T5: TPA, Rosalaire et net
B6: N° | C6: Nom&Prénom | D6: DATE D'ENTREE | E6: Brut Juillet | F6: Ind. Logement | G6: Ind. Transport | H6: Ind. Fonction | I6: Salaire de base | J6: Nb charges | K6: Catégorie | L6: Montant exonéré | M6: CNSS salarié 5,5 % | N6: Déduction retraite | O6: Abattement forfaitaire | P6: Base imposable (arr. 100) | Q6: IUTS brut | R6: Réduction charges | S6: IUTS NET | T6: TPA 3 % (patronale) | U6: Rosalaire 1 % | V6: SALAIRE NET À PAYER
B7: 1 | C7: BAGAGNAN Salima | D7: 46242 | E7: ='Juill-aout-sept 2026'!E5 -> 0 | F7: =MIN(ROUNDDOWN(N($E7)*Paramètres!$C$16,0),Paramètres!$D$16) -> 0 | G7: =MIN(ROUNDDOWN(N($E7)*Paramètres!$C$17,0),Paramètres!$D$17) -> 0 | H7: =MIN(ROUNDDOWN(N($E7)*Paramètres!$C$18,0),Paramètres!$D$18) -> 0 | I7: =N($E7)-(F7+G7+H7) -> 0 | J7: 0 | K7: =IF(I7<Paramètres!$C$11,"Cadre inférieur","Cadre supérieur") -> Cadre inférieur | L7: =MIN(F7,MIN(N($E7)*Paramètres!$C$16,Paramètres!$D$16))+MIN(G7,MIN(N($E7)*Paramètres!$C$17,Paramètres!$D$17))+MIN(H7,MIN(N($E7)*Paramètres!$C$18,Paramètres!$D$18)) -> 0 | M7: =MIN(N($E7),Paramètres!$C$7)*Paramètres!$C$6 -> 0 | N7: =MIN(M7,I7*Paramètres!$C$8) -> 0 | O7: =I7*IF(K7="Cadre supérieur",Paramètres!$C$10,Paramètres!$C$9) -> 0 | P7: =MAX(0,ROUNDDOWN(N($E7)-L7-N7-O7,-2)) -> 0 | Q7: =SUMPRODUCT((P7>Paramètres!$B$21:$B$27)*(P7-Paramètres!$B$21:$B$27)*Paramètres!$E$21:$E$27) -> 0 | R7: =Q7*INDEX(Paramètres!$C$31:$C$38,MIN(MAX(INT(N(J7)),0),7)+1) -> 0 | S7: =ROUND(Q7-R7,0) -> 0 | T7: =ROUND(N($E7)*Paramètres!$C$13,0) -> 0 | U7: =ROUND(MAX(0,N($E7)-(Q7-R7)-M7)*Paramètres!$C$12,0) -> 0 | V7: =ROUND(N($E7)-M7-S7-U7,0) -> 0
B8: 2 | C8: BANHORO Adama | D8: 46196 | E8: ='Juill-aout-sept 2026'!E6 -> 0 | F8: =MIN(ROUNDDOWN(N($E8)*Paramètres!$C$16,0),Paramètres!$D$16) -> 0 | G8: =MIN(ROUNDDOWN(N($E8)*Paramètres!$C$17,0),Paramètres!$D$17) -> 0 | H8: =MIN(ROUNDDOWN(N($E8)*Paramètres!$C$18,0),Paramètres!$D$18) -> 0 | I8: =N($E8)-(F8+G8+H8) -> 0 | J8: 0 | K8: =IF(I8<Paramètres!$C$11,"Cadre inférieur","Cadre supérieur") -> Cadre inférieur | L8: =MIN(F8,MIN(N($E8)*Paramètres!$C$16,Paramètres!$D$16))+MIN(G8,MIN(N($E8)*Paramètres!$C$17,Paramètres!$D$17))+MIN(H8,MIN(N($E8)*Paramètres!$C$18,Paramètres!$D$18)) -> 0 | M8: =MIN(N($E8),Paramètres!$C$7)*Paramètres!$C$6 -> 0 | N8: =MIN(M8,I8*Paramètres!$C$8) -> 0 | O8: =I8*IF(K8="Cadre supérieur",Paramètres!$C$10,Paramètres!$C$9) -> 0 | P8: =MAX(0,ROUNDDOWN(N($E8)-L8-N8-O8,-2)) -> 0 | Q8: =SUMPRODUCT((P8>Paramètres!$B$21:$B$27)*(P8-Paramètres!$B$21:$B$27)*Paramètres!$E$21:$E$27) -> 0 | R8: =Q8*INDEX(Paramètres!$C$31:$C$38,MIN(MAX(INT(N(J8)),0),7)+1) -> 0 | S8: =ROUND(Q8-R8,0) -> 0 | T8: =ROUND(N($E8)*Paramètres!$C$13,0) -> 0 | U8: =ROUND(MAX(0,N($E8)-(Q8-R8)-M8)*Paramètres!$C$12,0) -> 0 | V8: =ROUND(N($E8)-M8-S8-U8,0) -> 0
B9: 3 | C9: BARRO Yacouba | D9: 46000 | E9: ='Juill-aout-sept 2026'!E7 -> 177387 | F9: =MIN(ROUNDDOWN(N($E9)*Paramètres!$C$16,0),Paramètres!$D$16) -> 35477 | G9: =MIN(ROUNDDOWN(N($E9)*Paramètres!$C$17,0),Paramètres!$D$17) -> 8869 | H9: =MIN(ROUNDDOWN(N($E9)*Paramètres!$C$18,0),Paramètres!$D$18) -> 8869 | I9: =N($E9)-(F9+G9+H9) -> 124172 | J9: 0 | K9: =IF(I9<Paramètres!$C$11,"Cadre inférieur","Cadre supérieur") -> Cadre inférieur | L9: =MIN(F9,MIN(N($E9)*Paramètres!$C$16,Paramètres!$D$16))+MIN(G9,MIN(N($E9)*Paramètres!$C$17,Paramètres!$D$17))+MIN(H9,MIN(N($E9)*Paramètres!$C$18,Paramètres!$D$18)) -> 53215 | M9: =MIN(N($E9),Paramètres!$C$7)*Paramètres!$C$6 -> 9756.285 | N9: =MIN(M9,I9*Paramètres!$C$8) -> 9756.285 | O9: =I9*IF(K9="Cadre supérieur",Paramètres!$C$10,Paramètres!$C$9) -> 31043 | P9: =MAX(0,ROUNDDOWN(N($E9)-L9-N9-O9,-2)) -> 83300 | Q9: =SUMPRODUCT((P9>Paramètres!$B$21:$B$27)*(P9-Paramètres!$B$21:$B$27)*Paramètres!$E$21:$E$27) -> 7108.1 | R9: =Q9*INDEX(Paramètres!$C$31:$C$38,MIN(MAX(INT(N(J9)),0),7)+1) -> 0 | S9: =ROUND(Q9-R9,0) -> 7108 | T9: =ROUND(N($E9)*Paramètres!$C$13,0) -> 5322 | U9: =ROUND(MAX(0,N($E9)-(Q9-R9)-M9)*Paramètres!$C$12,0) -> 1605 | V9: =ROUND(N($E9)-M9-S9-U9,0) -> 158918
B10: 4 | C10: BASSOLE Ines | D10: 45677 | E10: ='Juill-aout-sept 2026'!E8 -> 346515 | F10: =MIN(ROUNDDOWN(N($E10)*Paramètres!$C$16,0),Paramètres!$D$16) -> 69303 | G10: =MIN(ROUNDDOWN(N($E10)*Paramètres!$C$17,0),Paramètres!$D$17) -> 17325 | H10: =MIN(ROUNDDOWN(N($E10)*Paramètres!$C$18,0),Paramètres!$D$18) -> 17325 | I10: =N($E10)-(F10+G10+H10) -> 242562 | J10: 0 | K10: =IF(I10<Paramètres!$C$11,"Cadre inférieur","Cadre supérieur") -> Cadre supérieur | L10: =MIN(F10,MIN(N($E10)*Paramètres!$C$16,Paramètres!$D$16))+MIN(G10,MIN(N($E10)*Paramètres!$C$17,Paramètres!$D$17))+MIN(H10,MIN(N($E10)*Paramètres!$C$18,Paramètres!$D$18)) -> 103953 | M10: =MIN(N($E10),Paramètres!$C$7)*Paramètres!$C$6 -> 19058.325 | N10: =MIN(M10,I10*Paramètres!$C$8) -> 19058.325 | O10: =I10*IF(K10="Cadre supérieur",Paramètres!$C$10,Paramètres!$C$9) -> 48512.4 | P10: =MAX(0,ROUNDDOWN(N($E10)-L10-N10-O10,-2)) -> 174900 | Q10: =SUMPRODUCT((P10>Paramètres!$B$21:$B$27)*(P10-Paramètres!$B$21:$B$27)*Paramètres!$E$21:$E$27) -> 23133.3 | R10: =Q10*INDEX(Paramètres!$C$31:$C$38,MIN(MAX(INT(N(J10)),0),7)+1) -> 0 | S10: =ROUND(Q10-R10,0) -> 23133 | T10: =ROUND(N($E10)*Paramètres!$C$13,0) -> 10395 | U10: =ROUND(MAX(0,N($E10)-(Q10-R10)-M10)*Paramètres!$C$12,0) -> 3043 | V10: =ROUND(N($E10)-M10-S10-U10,0) -> 301281
B11: 5 | C11: BAWAR B. Fulgence | D11: 46023 | E11: ='Juill-aout-sept 2026'!E9 -> 165340 | F11: =MIN(ROUNDDOWN(N($E11)*Paramètres!$C$16,0),Paramètres!$D$16) -> 33068 | G11: =MIN(ROUNDDOWN(N($E11)*Paramètres!$C$17,0),Paramètres!$D$17) -> 8267 | H11: =MIN(ROUNDDOWN(N($E11)*Paramètres!$C$18,0),Paramètres!$D$18) -> 8267 | I11: =N($E11)-(F11+G11+H11) -> 115738 | J11: 0 | K11: =IF(I11<Paramètres!$C$11,"Cadre inférieur","Cadre supérieur") -> Cadre inférieur | L11: =MIN(F11,MIN(N($E11)*Paramètres!$C$16,Paramètres!$D$16))+MIN(G11,MIN(N($E11)*Paramètres!$C$17,Paramètres!$D$17))+MIN(H11,MIN(N($E11)*Paramètres!$C$18,Paramètres!$D$18)) -> 49602 | M11: =MIN(N($E11),Paramètres!$C$7)*Paramètres!$C$6 -> 9093.7 | N11: =MIN(M11,I11*Paramètres!$C$8) -> 9093.7 | O11: =I11*IF(K11="Cadre supérieur",Paramètres!$C$10,Paramètres!$C$9) -> 28934.5 | P11: =MAX(0,ROUNDDOWN(N($E11)-L11-N11-O11,-2)) -> 77700 | Q11: =SUMPRODUCT((P11>Paramètres!$B$21:$B$27)*(P11-Paramètres!$B$21:$B$27)*Paramètres!$E$21:$E$27) -> 6270.3 | R11: =Q11*INDEX(Paramètres!$C$31:$C$38,MIN(MAX(INT(N(J11)),0),7)+1) -> 0 | S11: =ROUND(Q11-R11,0) -> 6270 | T11: =ROUND(N($E11)*Paramètres!$C$13,0) -> 4960 | U11: =ROUND(MAX(0,N($E11)-(Q11-R11)-M11)*Paramètres!$C$12,0) -> 1500 | V11: =ROUND(N($E11)-M11-S11-U11,0) -> 148476
B12: 6 | C12: BAZIE Issouf | D12: 46217 | E12: ='Juill-aout-sept 2026'!E10 -> 0 | F12: =MIN(ROUNDDOWN(N($E12)*Paramètres!$C$16,0),Paramètres!$D$16) -> 0 | G12: =MIN(ROUNDDOWN(N($E12)*Paramètres!$C$17,0),Paramètres!$D$17) -> 0 | H12: =MIN(ROUNDDOWN(N($E12)*Paramètres!$C$18,0),Paramètres!$D$18) -> 0 | I12: =N($E12)-(F12+G12+H12) -> 0 | J12: 0 | K12: =IF(I12<Paramètres!$C$11,"Cadre inférieur","Cadre supérieur") -> Cadre inférieur | L12: =MIN(F12,MIN(N($E12)*Paramètres!$C$16,Paramètres!$D$16))+MIN(G12,MIN(N($E12)*Paramètres!$C$17,Paramètres!$D$17))+MIN(H12,MIN(N($E12)*Paramètres!$C$18,Paramètres!$D$18)) -> 0 | M12: =MIN(N($E12),Paramètres!$C$7)*Paramètres!$C$6 -> 0 | N12: =MIN(M12,I12*Paramètres!$C$8) -> 0 | O12: =I12*IF(K12="Cadre supérieur",Paramètres!$C$10,Paramètres!$C$9) -> 0 | P12: =MAX(0,ROUNDDOWN(N($E12)-L12-N12-O12,-2)) -> 0 | Q12: =SUMPRODUCT((P12>Paramètres!$B$21:$B$27)*(P12-Paramètres!$B$21:$B$27)*Paramètres!$E$21:$E$27) -> 0 | R12: =Q12*INDEX(Paramètres!$C$31:$C$38,MIN(MAX(INT(N(J12)),0),7)+1) -> 0 | S12: =ROUND(Q12-R12,0) -> 0 | T12: =ROUND(N($E12)*Paramètres!$C$13,0) -> 0 | U12: =ROUND(MAX(0,N($E12)-(Q12-R12)-M12)*Paramètres!$C$12,0) -> 0 | V12: =ROUND(N($E12)-M12-S12-U12,0) -> 0
B13: 7 | C13: BELEM Abdoulaye | D13: 46174 | E13: ='Juill-aout-sept 2026'!E11 -> 195484 | F13: =MIN(ROUNDDOWN(N($E13)*Paramètres!$C$16,0),Paramètres!$D$16) -> 39096 | G13: =MIN(ROUNDDOWN(N($E13)*Paramètres!$C$17,0),Paramètres!$D$17) -> 9774 | H13: =MIN(ROUNDDOWN(N($E13)*Paramètres!$C$18,0),Paramètres!$D$18) -> 9774 | I13: =N($E13)-(F13+G13+H13) -> 136840 | J13: 0 | K13: =IF(I13<Paramètres!$C$11,"Cadre inférieur","Cadre supérieur") -> Cadre inférieur | L13: =MIN(F13,MIN(N($E13)*Paramètres!$C$16,Paramètres!$D$16))+MIN(G13,MIN(N($E13)*Paramètres!$C$17,Paramètres!$D$17))+MIN(H13,MIN(N($E13)*Paramètres!$C$18,Paramètres!$D$18)) -> 58644 | M13: =MIN(N($E13),Paramètres!$C$7)*Paramètres!$C$6 -> 10751.62 | N13: =MIN(M13,I13*Paramètres!$C$8) -> 10751.62 | O13: =I13*IF(K13="Cadre supérieur",Paramètres!$C$10,Paramètres!$C$9) -> 34210 | P13: =MAX(0,ROUNDDOWN(N($E13)-L13-N13-O13,-2)) -> 91800 | Q13: =SUMPRODUCT((P13>Paramètres!$B$21:$B$27)*(P13-Paramètres!$B$21:$B$27)*Paramètres!$E$21:$E$27) -> 8442.6 | R13: =Q13*INDEX(Paramètres!$C$31:$C$38,MIN(MAX(INT(N(J13)),0),7)+1) -> 0 | S13: =ROUND(Q13-R13,0) -> 8443 | T13: =ROUND(N($E13)*Paramètres!$C$13,0) -> 5865 | U13: =ROUND(MAX(0,N($E13)-(Q13-R13)-M13)*Paramètres!$C$12,0) -> 1763 | V13: =ROUND(N($E13)-M13-S13-U13,0) -> 174526
B14: 8 | C14: BENAO Souleymane | D14: 45778 | E14: ='Juill-aout-sept 2026'!E12 -> 213566 | F14: =MIN(ROUNDDOWN(N($E14)*Paramètres!$C$16,0),Paramètres!$D$16) -> 42713 | G14: =MIN(ROUNDDOWN(N($E14)*Paramètres!$C$17,0),Paramètres!$D$17) -> 10678 | H14: =MIN(ROUNDDOWN(N($E14)*Paramètres!$C$18,0),Paramètres!$D$18) -> 10678 | I14: =N($E14)-(F14+G14+H14) -> 149497 | J14: 0 | K14: =IF(I14<Paramètres!$C$11,"Cadre inférieur","Cadre supérieur") -> Cadre inférieur | L14: =MIN(F14,MIN(N($E14)*Paramètres!$C$16,Paramètres!$D$16))+MIN(G14,MIN(N($E14)*Paramètres!$C$17,Paramètres!$D$17))+MIN(H14,MIN(N($E14)*Paramètres!$C$18,Paramètres!$D$18)) -> 64069 | M14: =MIN(N($E14),Paramètres!$C$7)*Paramètres!$C$6 -> 11746.13 | N14: =MIN(M14,I14*Paramètres!$C$8) -> 11746.13 | O14: =I14*IF(K14="Cadre supérieur",Paramètres!$C$10,Paramètres!$C$9) -> 37374.25 | P14: =MAX(0,ROUNDDOWN(N($E14)-L14-N14-O14,-2)) -> 100300 | Q14: =SUMPRODUCT((P14>Paramètres!$B$21:$B$27)*(P14-Paramètres!$B$21:$B$27)*Paramètres!$E$21:$E$27) -> 9777.1 | R14: =Q14*INDEX(Paramètres!$C$31:$C$38,MIN(MAX(INT(N(J14)),0),7)+1) -> 0 | S14: =ROUND(Q14-R14,0) -> 9777 | T14: =ROUND(N($E14)*Paramètres!$C$13,0) -> 6407 | U14: =ROUND(MAX(0,N($E14)-(Q14-R14)-M14)*Paramètres!$C$12,0) -> 1920 | V14: =ROUND(N($E14)-M14-S14-U14,0) -> 190123
B15: 9 | C15: BILOGO Aline | D15: 46250 | E15: ='Juill-aout-sept 2026'!E13 -> 0 | F15: =MIN(ROUNDDOWN(N($E15)*Paramètres!$C$16,0),Paramètres!$D$16) -> 0 | G15: =MIN(ROUNDDOWN(N($E15)*Paramètres!$C$17,0),Paramètres!$D$17) -> 0 | H15: =MIN(ROUNDDOWN(N($E15)*Paramètres!$C$18,0),Paramètres!$D$18) -> 0 | I15: =N($E15)-(F15+G15+H15) -> 0 | J15: 0 | K15: =IF(I15<Paramètres!$C$11,"Cadre inférieur","Cadre supérieur") -> Cadre inférieur | L15: =MIN(F15,MIN(N($E15)*Paramètres!$C$16,Paramètres!$D$16))+MIN(G15,MIN(N($E15)*Paramètres!$C$17,Paramètres!$D$17))+MIN(H15,MIN(N($E15)*Paramètres!$C$18,Paramètres!$D$18)) -> 0 | M15: =MIN(N($E15),Paramètres!$C$7)*Paramètres!$C$6 -> 0 | N15: =MIN(M15,I15*Paramètres!$C$8) -> 0 | O15: =I15*IF(K15="Cadre supérieur",Paramètres!$C$10,Paramètres!$C$9) -> 0 | P15: =MAX(0,ROUNDDOWN(N($E15)-L15-N15-O15,-2)) -> 0 | Q15: =SUMPRODUCT((P15>Paramètres!$B$21:$B$27)*(P15-Paramètres!$B$21:$B$27)*Paramètres!$E$21:$E$27) -> 0 | R15: =Q15*INDEX(Paramètres!$C$31:$C$38,MIN(MAX(INT(N(J15)),0),7)+1) -> 0 | S15: =ROUND(Q15-R15,0) -> 0 | T15: =ROUND(N($E15)*Paramètres!$C$13,0) -> 0 | U15: =ROUND(MAX(0,N($E15)-(Q15-R15)-M15)*Paramètres!$C$12,0) -> 0 | V15: =ROUND(N($E15)-M15-S15-U15,0) -> 0
B16: 10 | C16: BONKOUNGOU Judicael | D16: 45778 | E16: ='Juill-aout-sept 2026'!E14 -> 213563 | F16: =MIN(ROUNDDOWN(N($E16)*Paramètres!$C$16,0),Paramètres!$D$16) -> 42712 | G16: =MIN(ROUNDDOWN(N($E16)*Paramètres!$C$17,0),Paramètres!$D$17) -> 10678 | H16: =MIN(ROUNDDOWN(N($E16)*Paramètres!$C$18,0),Paramètres!$D$18) -> 10678 | I16: =N($E16)-(F16+G16+H16) -> 149495 | J16: 0 | K16: =IF(I16<Paramètres!$C$11,"Cadre inférieur","Cadre supérieur") -> Cadre inférieur | L16: =MIN(F16,MIN(N($E16)*Paramètres!$C$16,Paramètres!$D$16))+MIN(G16,MIN(N($E16)*Paramètres!$C$17,Paramètres!$D$17))+MIN(H16,MIN(N($E16)*Paramètres!$C$18,Paramètres!$D$18)) -> 64068 | M16: =MIN(N($E16),Paramètres!$C$7)*Paramètres!$C$6 -> 11745.965 | N16: =MIN(M16,I16*Paramètres!$C$8) -> 11745.965 | O16: =I16*IF(K16="Cadre supérieur",Paramètres!$C$10,Paramètres!$C$9) -> 37373.75 | P16: =MAX(0,ROUNDDOWN(N($E16)-L16-N16-O16,-2)) -> 100300 | Q16: =SUMPRODUCT((P16>Paramètres!$B$21:$B$27)*(P16-Paramètres!$B$21:$B$27)*Paramètres!$E$21:$E$27) -> 9777.1 | R16: =Q16*INDEX(Paramètres!$C$31:$C$38,MIN(MAX(INT(N(J16)),0),7)+1) -> 0 | S16: =ROUND(Q16-R16,0) -> 9777 | T16: =ROUND(N($E16)*Paramètres!$C$13,0) -> 6407 | U16: =ROUND(MAX(0,N($E16)-(Q16-R16)-M16)*Paramètres!$C$12,0) -> 1920 | V16: =ROUND(N($E16)-M16-S16-U16,0) -> 190120
B17: 11 | C17: BONKOUNGOU Moussa | D17: 45778 | E17: ='Juill-aout-sept 2026'!E15 -> 213563 | F17: =MIN(ROUNDDOWN(N($E17)*Paramètres!$C$16,0),Paramètres!$D$16) -> 42712 | G17: =MIN(ROUNDDOWN(N($E17)*Paramètres!$C$17,0),Paramètres!$D$17) -> 10678 | H17: =MIN(ROUNDDOWN(N($E17)*Paramètres!$C$18,0),Paramètres!$D$18) -> 10678 | I17: =N($E17)-(F17+G17+H17) -> 149495 | J17: 0 | K17: =IF(I17<Paramètres!$C$11,"Cadre inférieur","Cadre supérieur") -> Cadre inférieur | L17: =MIN(F17,MIN(N($E17)*Paramètres!$C$16,Paramètres!$D$16))+MIN(G17,MIN(N($E17)*Paramètres!$C$17,Paramètres!$D$17))+MIN(H17,MIN(N($E17)*Paramètres!$C$18,Paramètres!$D$18)) -> 64068 | M17: =MIN(N($E17),Paramètres!$C$7)*Paramètres!$C$6 -> 11745.965 | N17: =MIN(M17,I17*Paramètres!$C$8) -> 11745.965 | O17: =I17*IF(K17="Cadre supérieur",Paramètres!$C$10,Paramètres!$C$9) -> 37373.75 | P17: =MAX(0,ROUNDDOWN(N($E17)-L17-N17-O17,-2)) -> 100300 | Q17: =SUMPRODUCT((P17>Paramètres!$B$21:$B$27)*(P17-Paramètres!$B$21:$B$27)*Paramètres!$E$21:$E$27) -> 9777.1 | R17: =Q17*INDEX(Paramètres!$C$31:$C$38,MIN(MAX(INT(N(J17)),0),7)+1) -> 0 | S17: =ROUND(Q17-R17,0) -> 9777 | T17: =ROUND(N($E17)*Paramètres!$C$13,0) -> 6407 | U17: =ROUND(MAX(0,N($E17)-(Q17-R17)-M17)*Paramètres!$C$12,0) -> 1920 | V17: =ROUND(N($E17)-M17-S17-U17,0) -> 190120
B18: 12 | C18: BOUKARI Amidou | D18: 46183 | E18: ='Juill-aout-sept 2026'!E16 -> 80000 | F18: =MIN(ROUNDDOWN(N($E18)*Paramètres!$C$16,0),Paramètres!$D$16) -> 16000 | G18: =MIN(ROUNDDOWN(N($E18)*Paramètres!$C$17,0),Paramètres!$D$17) -> 4000 | H18: =MIN(ROUNDDOWN(N($E18)*Paramètres!$C$18,0),Paramètres!$D$18) -> 4000 | I18: =N($E18)-(F18+G18+H18) -> 56000 | J18: 0 | K18: =IF(I18<Paramètres!$C$11,"Cadre inférieur","Cadre supérieur") -> Cadre inférieur | L18: =MIN(F18,MIN(N($E18)*Paramètres!$C$16,Paramètres!$D$16))+MIN(G18,MIN(N($E18)*Paramètres!$C$17,Paramètres!$D$17))+MIN(H18,MIN(N($E18)*Paramètres!$C$18,Paramètres!$D$18)) -> 24000 | M18: =MIN(N($E18),Paramètres!$C$7)*Paramètres!$C$6 -> 4400 | N18: =MIN(M18,I18*Paramètres!$C$8) -> 4400 | O18: =I18*IF(K18="Cadre supérieur",Paramètres!$C$10,Paramètres!$C$9) -> 14000 | P18: =MAX(0,ROUNDDOWN(N($E18)-L18-N18-O18,-2)) -> 37600 | Q18: =SUMPRODUCT((P18>Paramètres!$B$21:$B$27)*(P18-Paramètres!$B$21:$B$27)*Paramètres!$E$21:$E$27) -> 919.6 | R18: =Q18*INDEX(Paramètres!$C$31:$C$38,MIN(MAX(INT(N(J18)),0),7)+1) -> 0 | S18: =ROUND(Q18-R18,0) -> 920 | T18: =ROUND(N($E18)*Paramètres!$C$13,0) -> 2400 | U18: =ROUND(MAX(0,N($E18)-(Q18-R18)-M18)*Paramètres!$C$12,0) -> 747 | V18: =ROUND(N($E18)-M18-S18-U18,0) -> 73933
C19: COULIBALY Ahmed | E19: ='Juill-aout-sept 2026'!E17 -> 0 | F19: =MIN(ROUNDDOWN(N($E19)*Paramètres!$C$16,0),Paramètres!$D$16) -> 0 | G19: =MIN(ROUNDDOWN(N($E19)*Paramètres!$C$17,0),Paramètres!$D$17) -> 0 | H19: =MIN(ROUNDDOWN(N($E19)*Paramètres!$C$18,0),Paramètres!$D$18) -> 0 | I19: =N($E19)-(F19+G19+H19) -> 0 | J19: 0 | K19: =IF(I19<Paramètres!$C$11,"Cadre inférieur","Cadre supérieur") -> Cadre inférieur | L19: =MIN(F19,MIN(N($E19)*Paramètres!$C$16,Paramètres!$D$16))+MIN(G19,MIN(N($E19)*Paramètres!$C$17,Paramètres!$D$17))+MIN(H19,MIN(N($E19)*Paramètres!$C$18,Paramètres!$D$18)) -> 0 | M19: =MIN(N($E19),Paramètres!$C$7)*Paramètres!$C$6 -> 0 | N19: =MIN(M19,I19*Paramètres!$C$8) -> 0 | O19: =I19*IF(K19="Cadre supérieur",Paramètres!$C$10,Paramètres!$C$9) -> 0 | P19: =MAX(0,ROUNDDOWN(N($E19)-L19-N19-O19,-2)) -> 0 | Q19: =SUMPRODUCT((P19>Paramètres!$B$21:$B$27)*(P19-Paramètres!$B$21:$B$27)*Paramètres!$E$21:$E$27) -> 0 | R19: =Q19*INDEX(Paramètres!$C$31:$C$38,MIN(MAX(INT(N(J19)),0),7)+1) -> 0 | S19: =ROUND(Q19-R19,0) -> 0 | T19: =ROUND(N($E19)*Paramètres!$C$13,0) -> 0 | U19: =ROUND(MAX(0,N($E19)-(Q19-R19)-M19)*Paramètres!$C$12,0) -> 0 | V19: =ROUND(N($E19)-M19-S19-U19,0) -> 0
B20: 13 | C20: DIABATE Mohamed | D20: 45950 | E20: ='Juill-aout-sept 2026'!E18 -> 177387 | F20: =MIN(ROUNDDOWN(N($E20)*Paramètres!$C$16,0),Paramètres!$D$16) -> 35477 | G20: =MIN(ROUNDDOWN(N($E20)*Paramètres!$C$17,0),Paramètres!$D$17) -> 8869 | H20: =MIN(ROUNDDOWN(N($E20)*Paramètres!$C$18,0),Paramètres!$D$18) -> 8869 | I20: =N($E20)-(F20+G20+H20) -> 124172 | J20: 0 | K20: =IF(I20<Paramètres!$C$11,"Cadre inférieur","Cadre supérieur") -> Cadre inférieur | L20: =MIN(F20,MIN(N($E20)*Paramètres!$C$16,Paramètres!$D$16))+MIN(G20,MIN(N($E20)*Paramètres!$C$17,Paramètres!$D$17))+MIN(H20,MIN(N($E20)*Paramètres!$C$18,Paramètres!$D$18)) -> 53215 | M20: =MIN(N($E20),Paramètres!$C$7)*Paramètres!$C$6 -> 9756.285 | N20: =MIN(M20,I20*Paramètres!$C$8) -> 9756.285 | O20: =I20*IF(K20="Cadre supérieur",Paramètres!$C$10,Paramètres!$C$9) -> 31043 | P20: =MAX(0,ROUNDDOWN(N($E20)-L20-N20-O20,-2)) -> 83300 | Q20: =SUMPRODUCT((P20>Paramètres!$B$21:$B$27)*(P20-Paramètres!$B$21:$B$27)*Paramètres!$E$21:$E$27) -> 7108.1 | R20: =Q20*INDEX(Paramètres!$C$31:$C$38,MIN(MAX(INT(N(J20)),0),7)+1) -> 0 | S20: =ROUND(Q20-R20,0) -> 7108 | T20: =ROUND(N($E20)*Paramètres!$C$13,0) -> 5322 | U20: =ROUND(MAX(0,N($E20)-(Q20-R20)-M20)*Paramètres!$C$12,0) -> 1605 | V20: =ROUND(N($E20)-M20-S20-U20,0) -> 158918
B21: 14 | C21: DIALLO Boureima | D21: 46183 | E21: ='Juill-aout-sept 2026'!E19 -> 0 | F21: =MIN(ROUNDDOWN(N($E21)*Paramètres!$C$16,0),Paramètres!$D$16) -> 0 | G21: =MIN(ROUNDDOWN(N($E21)*Paramètres!$C$17,0),Paramètres!$D$17) -> 0 | H21: =MIN(ROUNDDOWN(N($E21)*Paramètres!$C$18,0),Paramètres!$D$18) -> 0 | I21: =N($E21)-(F21+G21+H21) -> 0 | J21: 0 | K21: =IF(I21<Paramètres!$C$11,"Cadre inférieur","Cadre supérieur") -> Cadre inférieur | L21: =MIN(F21,MIN(N($E21)*Paramètres!$C$16,Paramètres!$D$16))+MIN(G21,MIN(N($E21)*Paramètres!$C$17,Paramètres!$D$17))+MIN(H21,MIN(N($E21)*Paramètres!$C$18,Paramètres!$D$18)) -> 0 | M21: =MIN(N($E21),Paramètres!$C$7)*Paramètres!$C$6 -> 0 | N21: =MIN(M21,I21*Paramètres!$C$8) -> 0 | O21: =I21*IF(K21="Cadre supérieur",Paramètres!$C$10,Paramètres!$C$9) -> 0 | P21: =MAX(0,ROUNDDOWN(N($E21)-L21-N21-O21,-2)) -> 0 | Q21: =SUMPRODUCT((P21>Paramètres!$B$21:$B$27)*(P21-Paramètres!$B$21:$B$27)*Paramètres!$E$21:$E$27) -> 0 | R21: =Q21*INDEX(Paramètres!$C$31:$C$38,MIN(MAX(INT(N(J21)),0),7)+1) -> 0 | S21: =ROUND(Q21-R21,0) -> 0 | T21: =ROUND(N($E21)*Paramètres!$C$13,0) -> 0 | U21: =ROUND(MAX(0,N($E21)-(Q21-R21)-M21)*Paramètres!$C$12,0) -> 0 | V21: =ROUND(N($E21)-M21-S21-U21,0) -> 0
B22: 15 | C22: GANSONRE Alassane | D22: 46139 | E22: ='Juill-aout-sept 2026'!E20 -> 135983 | F22: =MIN(ROUNDDOWN(N($E22)*Paramètres!$C$16,0),Paramètres!$D$16) -> 27196 | G22: =MIN(ROUNDDOWN(N($E22)*Paramètres!$C$17,0),Paramètres!$D$17) -> 6799 | H22: =MIN(ROUNDDOWN(N($E22)*Paramètres!$C$18,0),Paramètres!$D$18) -> 6799 | I22: =N($E22)-(F22+G22+H22) -> 95189 | J22: 0 | K22: =IF(I22<Paramètres!$C$11,"Cadre inférieur","Cadre supérieur") -> Cadre inférieur | L22: =MIN(F22,MIN(N($E22)*Paramètres!$C$16,Paramètres!$D$16))+MIN(G22,MIN(N($E22)*Paramètres!$C$17,Paramètres!$D$17))+MIN(H22,MIN(N($E22)*Paramètres!$C$18,Paramètres!$D$18)) -> 40794 | M22: =MIN(N($E22),Paramètres!$C$7)*Paramètres!$C$6 -> 7479.065 | N22: =MIN(M22,I22*Paramètres!$C$8) -> 7479.065 | O22: =I22*IF(K22="Cadre supérieur",Paramètres!$C$10,Paramètres!$C$9) -> 23797.25 | P22: =MAX(0,ROUNDDOWN(N($E22)-L22-N22-O22,-2)) -> 63900 | Q22: =SUMPRODUCT((P22>Paramètres!$B$21:$B$27)*(P22-Paramètres!$B$21:$B$27)*Paramètres!$E$21:$E$27) -> 4352.1 | R22: =Q22*INDEX(Paramètres!$C$31:$C$38,MIN(MAX(INT(N(J22)),0),7)+1) -> 0 | S22: =ROUND(Q22-R22,0) -> 4352 | T22: =ROUND(N($E22)*Paramètres!$C$13,0) -> 4079 | U22: =ROUND(MAX(0,N($E22)-(Q22-R22)-M22)*Paramètres!$C$12,0) -> 1242 | V22: =ROUND(N($E22)-M22-S22-U22,0) -> 122910
B23: 16 | C23: GOUBA Simon | D23: 45809 | E23: ='Juill-aout-sept 2026'!E21 -> 135983 | F23: =MIN(ROUNDDOWN(N($E23)*Paramètres!$C$16,0),Paramètres!$D$16) -> 27196 | G23: =MIN(ROUNDDOWN(N($E23)*Paramètres!$C$17,0),Paramètres!$D$17) -> 6799 | H23: =MIN(ROUNDDOWN(N($E23)*Paramètres!$C$18,0),Paramètres!$D$18) -> 6799 | I23: =N($E23)-(F23+G23+H23) -> 95189 | J23: 0 | K23: =IF(I23<Paramètres!$C$11,"Cadre inférieur","Cadre supérieur") -> Cadre inférieur | L23: =MIN(F23,MIN(N($E23)*Paramètres!$C$16,Paramètres!$D$16))+MIN(G23,MIN(N($E23)*Paramètres!$C$17,Paramètres!$D$17))+MIN(H23,MIN(N($E23)*Paramètres!$C$18,Paramètres!$D$18)) -> 40794 | M23: =MIN(N($E23),Paramètres!$C$7)*Paramètres!$C$6 -> 7479.065 | N23: =MIN(M23,I23*Paramètres!$C$8) -> 7479.065 | O23: =I23*IF(K23="Cadre supérieur",Paramètres!$C$10,Paramètres!$C$9) -> 23797.25 | P23: =MAX(0,ROUNDDOWN(N($E23)-L23-N23-O23,-2)) -> 63900 | Q23: =SUMPRODUCT((P23>Paramètres!$B$21:$B$27)*(P23-Paramètres!$B$21:$B$27)*Paramètres!$E$21:$E$27) -> 4352.1 | R23: =Q23*INDEX(Paramètres!$C$31:$C$38,MIN(MAX(INT(N(J23)),0),7)+1) -> 0 | S23: =ROUND(Q23-R23,0) -> 4352 | T23: =ROUND(N($E23)*Paramètres!$C$13,0) -> 4079 | U23: =ROUND(MAX(0,N($E23)-(Q23-R23)-M23)*Paramètres!$C$12,0) -> 1242 | V23: =ROUND(N($E23)-M23-S23-U23,0) -> 122910
B24: 17 | C24: GOULLA Parbouré | D24: 46174 | E24: ='Juill-aout-sept 2026'!E22 -> 0 | F24: =MIN(ROUNDDOWN(N($E24)*Paramètres!$C$16,0),Paramètres!$D$16) -> 0 | G24: =MIN(ROUNDDOWN(N($E24)*Paramètres!$C$17,0),Paramètres!$D$17) -> 0 | H24: =MIN(ROUNDDOWN(N($E24)*Paramètres!$C$18,0),Paramètres!$D$18) -> 0 | I24: =N($E24)-(F24+G24+H24) -> 0 | J24: 0 | K24: =IF(I24<Paramètres!$C$11,"Cadre inférieur","Cadre supérieur") -> Cadre inférieur | L24: =MIN(F24,MIN(N($E24)*Paramètres!$C$16,Paramètres!$D$16))+MIN(G24,MIN(N($E24)*Paramètres!$C$17,Paramètres!$D$17))+MIN(H24,MIN(N($E24)*Paramètres!$C$18,Paramètres!$D$18)) -> 0 | M24: =MIN(N($E24),Paramètres!$C$7)*Paramètres!$C$6 -> 0 | N24: =MIN(M24,I24*Paramètres!$C$8) -> 0 | O24: =I24*IF(K24="Cadre supérieur",Paramètres!$C$10,Paramètres!$C$9) -> 0 | P24: =MAX(0,ROUNDDOWN(N($E24)-L24-N24-O24,-2)) -> 0 | Q24: =SUMPRODUCT((P24>Paramètres!$B$21:$B$27)*(P24-Paramètres!$B$21:$B$27)*Paramètres!$E$21:$E$27) -> 0 | R24: =Q24*INDEX(Paramètres!$C$31:$C$38,MIN(MAX(INT(N(J24)),0),7)+1) -> 0 | S24: =ROUND(Q24-R24,0) -> 0 | T24: =ROUND(N($E24)*Paramètres!$C$13,0) -> 0 | U24: =ROUND(MAX(0,N($E24)-(Q24-R24)-M24)*Paramètres!$C$12,0) -> 0 | V24: =ROUND(N($E24)-M24-S24-U24,0) -> 0
B25: 18 | C25: GUIGUEMDE CALEB | D25: 45924 | E25: ='Juill-aout-sept 2026'!E23 -> 0 | F25: =MIN(ROUNDDOWN(N($E25)*Paramètres!$C$16,0),Paramètres!$D$16) -> 0 | G25: =MIN(ROUNDDOWN(N($E25)*Paramètres!$C$17,0),Paramètres!$D$17) -> 0 | H25: =MIN(ROUNDDOWN(N($E25)*Paramètres!$C$18,0),Paramètres!$D$18) -> 0 | I25: =N($E25)-(F25+G25+H25) -> 0 | J25: 0 | K25: =IF(I25<Paramètres!$C$11,"Cadre inférieur","Cadre supérieur") -> Cadre inférieur | L25: =MIN(F25,MIN(N($E25)*Paramètres!$C$16,Paramètres!$D$16))+MIN(G25,MIN(N($E25)*Paramètres!$C$17,Paramètres!$D$17))+MIN(H25,MIN(N($E25)*Paramètres!$C$18,Paramètres!$D$18)) -> 0 | M25: =MIN(N($E25),Paramètres!$C$7)*Paramètres!$C$6 -> 0 | N25: =MIN(M25,I25*Paramètres!$C$8) -> 0 | O25: =I25*IF(K25="Cadre supérieur",Paramètres!$C$10,Paramètres!$C$9) -> 0 | P25: =MAX(0,ROUNDDOWN(N($E25)-L25-N25-O25,-2)) -> 0 | Q25: =SUMPRODUCT((P25>Paramètres!$B$21:$B$27)*(P25-Paramètres!$B$21:$B$27)*Paramètres!$E$21:$E$27) -> 0 | R25: =Q25*INDEX(Paramètres!$C$31:$C$38,MIN(MAX(INT(N(J25)),0),7)+1) -> 0 | S25: =ROUND(Q25-R25,0) -> 0 | T25: =ROUND(N($E25)*Paramètres!$C$13,0) -> 0 | U25: =ROUND(MAX(0,N($E25)-(Q25-R25)-M25)*Paramètres!$C$12,0) -> 0 | V25: =ROUND(N($E25)-M25-S25-U25,0) -> 0
B26: 19 | C26: ILBOUDO Alassane | D26: 46216 | E26: ='Juill-aout-sept 2026'!E24 -> 135983 | F26: =MIN(ROUNDDOWN(N($E26)*Paramètres!$C$16,0),Paramètres!$D$16) -> 27196 | G26: =MIN(ROUNDDOWN(N($E26)*Paramètres!$C$17,0),Paramètres!$D$17) -> 6799 | H26: =MIN(ROUNDDOWN(N($E26)*Paramètres!$C$18,0),Paramètres!$D$18) -> 6799 | I26: =N($E26)-(F26+G26+H26) -> 95189 | J26: 0 | K26: =IF(I26<Paramètres!$C$11,"Cadre inférieur","Cadre supérieur") -> Cadre inférieur | L26: =MIN(F26,MIN(N($E26)*Paramètres!$C$16,Paramètres!$D$16))+MIN(G26,MIN(N($E26)*Paramètres!$C$17,Paramètres!$D$17))+MIN(H26,MIN(N($E26)*Paramètres!$C$18,Paramètres!$D$18)) -> 40794 | M26: =MIN(N($E26),Paramètres!$C$7)*Paramètres!$C$6 -> 7479.065 | N26: =MIN(M26,I26*Paramètres!$C$8) -> 7479.065 | O26: =I26*IF(K26="Cadre supérieur",Paramètres!$C$10,Paramètres!$C$9) -> 23797.25 | P26: =MAX(0,ROUNDDOWN(N($E26)-L26-N26-O26,-2)) -> 63900 | Q26: =SUMPRODUCT((P26>Paramètres!$B$21:$B$27)*(P26-Paramètres!$B$21:$B$27)*Paramètres!$E$21:$E$27) -> 4352.1 | R26: =Q26*INDEX(Paramètres!$C$31:$C$38,MIN(MAX(INT(N(J26)),0),7)+1) -> 0 | S26: =ROUND(Q26-R26,0) -> 4352 | T26: =ROUND(N($E26)*Paramètres!$C$13,0) -> 4079 | U26: =ROUND(MAX(0,N($E26)-(Q26-R26)-M26)*Paramètres!$C$12,0) -> 1242 | V26: =ROUND(N($E26)-M26-S26-U26,0) -> 122910
B27: 20 | C27: ILBOUDO Jean Marie | D27: 46000 | E27: ='Juill-aout-sept 2026'!E25 -> 177387 | F27: =MIN(ROUNDDOWN(N($E27)*Paramètres!$C$16,0),Paramètres!$D$16) -> 35477 | G27: =MIN(ROUNDDOWN(N($E27)*Paramètres!$C$17,0),Paramètres!$D$17) -> 8869 | H27: =MIN(ROUNDDOWN(N($E27)*Paramètres!$C$18,0),Paramètres!$D$18) -> 8869 | I27: =N($E27)-(F27+G27+H27) -> 124172 | J27: 0 | K27: =IF(I27<Paramètres!$C$11,"Cadre inférieur","Cadre supérieur") -> Cadre inférieur | L27: =MIN(F27,MIN(N($E27)*Paramètres!$C$16,Paramètres!$D$16))+MIN(G27,MIN(N($E27)*Paramètres!$C$17,Paramètres!$D$17))+MIN(H27,MIN(N($E27)*Paramètres!$C$18,Paramètres!$D$18)) -> 53215 | M27: =MIN(N($E27),Paramètres!$C$7)*Paramètres!$C$6 -> 9756.285 | N27: =MIN(M27,I27*Paramètres!$C$8) -> 9756.285 | O27: =I27*IF(K27="Cadre supérieur",Paramètres!$C$10,Paramètres!$C$9) -> 31043 | P27: =MAX(0,ROUNDDOWN(N($E27)-L27-N27-O27,-2)) -> 83300 | Q27: =SUMPRODUCT((P27>Paramètres!$B$21:$B$27)*(P27-Paramètres!$B$21:$B$27)*Paramètres!$E$21:$E$27) -> 7108.1 | R27: =Q27*INDEX(Paramètres!$C$31:$C$38,MIN(MAX(INT(N(J27)),0),7)+1) -> 0 | S27: =ROUND(Q27-R27,0) -> 7108 | T27: =ROUND(N($E27)*Paramètres!$C$13,0) -> 5322 | U27: =ROUND(MAX(0,N($E27)-(Q27-R27)-M27)*Paramètres!$C$12,0) -> 1605 | V27: =ROUND(N($E27)-M27-S27-U27,0) -> 158918
B28: 21 | C28: ILBOUDO Zakaria | D28: 46283 | E28: ='Juill-aout-sept 2026'!E26 -> 0 | F28: =MIN(ROUNDDOWN(N($E28)*Paramètres!$C$16,0),Paramètres!$D$16) -> 0 | G28: =MIN(ROUNDDOWN(N($E28)*Paramètres!$C$17,0),Paramètres!$D$17) -> 0 | H28: =MIN(ROUNDDOWN(N($E28)*Paramètres!$C$18,0),Paramètres!$D$18) -> 0 | I28: =N($E28)-(F28+G28+H28) -> 0 | J28: 0 | K28: =IF(I28<Paramètres!$C$11,"Cadre inférieur","Cadre supérieur") -> Cadre inférieur | L28: =MIN(F28,MIN(N($E28)*Paramètres!$C$16,Paramètres!$D$16))+MIN(G28,MIN(N($E28)*Paramètres!$C$17,Paramètres!$D$17))+MIN(H28,MIN(N($E28)*Paramètres!$C$18,Paramètres!$D$18)) -> 0 | M28: =MIN(N($E28),Paramètres!$C$7)*Paramètres!$C$6 -> 0 | N28: =MIN(M28,I28*Paramètres!$C$8) -> 0 | O28: =I28*IF(K28="Cadre supérieur",Paramètres!$C$10,Paramètres!$C$9) -> 0 | P28: =MAX(0,ROUNDDOWN(N($E28)-L28-N28-O28,-2)) -> 0 | Q28: =SUMPRODUCT((P28>Paramètres!$B$21:$B$27)*(P28-Paramètres!$B$21:$B$27)*Paramètres!$E$21:$E$27) -> 0 | R28: =Q28*INDEX(Paramètres!$C$31:$C$38,MIN(MAX(INT(N(J28)),0),7)+1) -> 0 | S28: =ROUND(Q28-R28,0) -> 0 | T28: =ROUND(N($E28)*Paramètres!$C$13,0) -> 0 | U28: =ROUND(MAX(0,N($E28)-(Q28-R28)-M28)*Paramètres!$C$12,0) -> 0 | V28: =ROUND(N($E28)-M28-S28-U28,0) -> 0
B29: 22 | C29: KABORE Abdoulaye | D29: 46204 | E29: ='Juill-aout-sept 2026'!E27 -> 231913 | F29: =MIN(ROUNDDOWN(N($E29)*Paramètres!$C$16,0),Paramètres!$D$16) -> 46382 | G29: =MIN(ROUNDDOWN(N($E29)*Paramètres!$C$17,0),Paramètres!$D$17) -> 11595 | H29: =MIN(ROUNDDOWN(N($E29)*Paramètres!$C$18,0),Paramètres!$D$18) -> 11595 | I29: =N($E29)-(F29+G29+H29) -> 162341 | J29: 0 | K29: =IF(I29<Paramètres!$C$11,"Cadre inférieur","Cadre supérieur") -> Cadre supérieur | L29: =MIN(F29,MIN(N($E29)*Paramètres!$C$16,Paramètres!$D$16))+MIN(G29,MIN(N($E29)*Paramètres!$C$17,Paramètres!$D$17))+MIN(H29,MIN(N($E29)*Paramètres!$C$18,Paramètres!$D$18)) -> 69572 | M29: =MIN(N($E29),Paramètres!$C$7)*Paramètres!$C$6 -> 12755.215 | N29: =MIN(M29,I29*Paramètres!$C$8) -> 12755.215 | O29: =I29*IF(K29="Cadre supérieur",Paramètres!$C$10,Paramètres!$C$9) -> 32468.2 | P29: =MAX(0,ROUNDDOWN(N($E29)-L29-N29-O29,-2)) -> 117100 | Q29: =SUMPRODUCT((P29>Paramètres!$B$21:$B$27)*(P29-Paramètres!$B$21:$B$27)*Paramètres!$E$21:$E$27) -> 12414.7 | R29: =Q29*INDEX(Paramètres!$C$31:$C$38,MIN(MAX(INT(N(J29)),0),7)+1) -> 0 | S29: =ROUND(Q29-R29,0) -> 12415 | T29: =ROUND(N($E29)*Paramètres!$C$13,0) -> 6957 | U29: =ROUND(MAX(0,N($E29)-(Q29-R29)-M29)*Paramètres!$C$12,0) -> 2067 | V29: =ROUND(N($E29)-M29-S29-U29,0) -> 204676
B30: 23 | C30: KABORE Dramane | D30: 0107/2026 | E30: ='Juill-aout-sept 2026'!E28 -> 0 | F30: =MIN(ROUNDDOWN(N($E30)*Paramètres!$C$16,0),Paramètres!$D$16) -> 0 | G30: =MIN(ROUNDDOWN(N($E30)*Paramètres!$C$17,0),Paramètres!$D$17) -> 0 | H30: =MIN(ROUNDDOWN(N($E30)*Paramètres!$C$18,0),Paramètres!$D$18) -> 0 | I30: =N($E30)-(F30+G30+H30) -> 0 | J30: 0 | K30: =IF(I30<Paramètres!$C$11,"Cadre inférieur","Cadre supérieur") -> Cadre inférieur | L30: =MIN(F30,MIN(N($E30)*Paramètres!$C$16,Paramètres!$D$16))+MIN(G30,MIN(N($E30)*Paramètres!$C$17,Paramètres!$D$17))+MIN(H30,MIN(N($E30)*Paramètres!$C$18,Paramètres!$D$18)) -> 0 | M30: =MIN(N($E30),Paramètres!$C$7)*Paramètres!$C$6 -> 0 | N30: =MIN(M30,I30*Paramètres!$C$8) -> 0 | O30: =I30*IF(K30="Cadre supérieur",Paramètres!$C$10,Paramètres!$C$9) -> 0 | P30: =MAX(0,ROUNDDOWN(N($E30)-L30-N30-O30,-2)) -> 0 | Q30: =SUMPRODUCT((P30>Paramètres!$B$21:$B$27)*(P30-Paramètres!$B$21:$B$27)*Paramètres!$E$21:$E$27) -> 0 | R30: =Q30*INDEX(Paramètres!$C$31:$C$38,MIN(MAX(INT(N(J30)),0),7)+1) -> 0 | S30: =ROUND(Q30-R30,0) -> 0 | T30: =ROUND(N($E30)*Paramètres!$C$13,0) -> 0 | U30: =ROUND(MAX(0,N($E30)-(Q30-R30)-M30)*Paramètres!$C$12,0) -> 0 | V30: =ROUND(N($E30)-M30-S30-U30,0) -> 0
B31: 24 | C31: KABORE Lassane | D31: 45778 | E31: ='Juill-aout-sept 2026'!E29 -> 165340 | F31: =MIN(ROUNDDOWN(N($E31)*Paramètres!$C$16,0),Paramètres!$D$16) -> 33068 | G31: =MIN(ROUNDDOWN(N($E31)*Paramètres!$C$17,0),Paramètres!$D$17) -> 8267 | H31: =MIN(ROUNDDOWN(N($E31)*Paramètres!$C$18,0),Paramètres!$D$18) -> 8267 | I31: =N($E31)-(F31+G31+H31) -> 115738 | J31: 0 | K31: =IF(I31<Paramètres!$C$11,"Cadre inférieur","Cadre supérieur") -> Cadre inférieur | L31: =MIN(F31,MIN(N($E31)*Paramètres!$C$16,Paramètres!$D$16))+MIN(G31,MIN(N($E31)*Paramètres!$C$17,Paramètres!$D$17))+MIN(H31,MIN(N($E31)*Paramètres!$C$18,Paramètres!$D$18)) -> 49602 | M31: =MIN(N($E31),Paramètres!$C$7)*Paramètres!$C$6 -> 9093.7 | N31: =MIN(M31,I31*Paramètres!$C$8) -> 9093.7 | O31: =I31*IF(K31="Cadre supérieur",Paramètres!$C$10,Paramètres!$C$9) -> 28934.5 | P31: =MAX(0,ROUNDDOWN(N($E31)-L31-N31-O31,-2)) -> 77700 | Q31: =SUMPRODUCT((P31>Paramètres!$B$21:$B$27)*(P31-Paramètres!$B$21:$B$27)*Paramètres!$E$21:$E$27) -> 6270.3 | R31: =Q31*INDEX(Paramètres!$C$31:$C$38,MIN(MAX(INT(N(J31)),0),7)+1) -> 0 | S31: =ROUND(Q31-R31,0) -> 6270 | T31: =ROUND(N($E31)*Paramètres!$C$13,0) -> 4960 | U31: =ROUND(MAX(0,N($E31)-(Q31-R31)-M31)*Paramètres!$C$12,0) -> 1500 | V31: =ROUND(N($E31)-M31-S31-U31,0) -> 148476
B32: 25 | C32: KABORE Sid Mohamed | D32: 46183 | E32: ='Juill-aout-sept 2026'!E30 -> 80000 | F32: =MIN(ROUNDDOWN(N($E32)*Paramètres!$C$16,0),Paramètres!$D$16) -> 16000 | G32: =MIN(ROUNDDOWN(N($E32)*Paramètres!$C$17,0),Paramètres!$D$17) -> 4000 | H32: =MIN(ROUNDDOWN(N($E32)*Paramètres!$C$18,0),Paramètres!$D$18) -> 4000 | I32: =N($E32)-(F32+G32+H32) -> 56000 | J32: 0 | K32: =IF(I32<Paramètres!$C$11,"Cadre inférieur","Cadre supérieur") -> Cadre inférieur | L32: =MIN(F32,MIN(N($E32)*Paramètres!$C$16,Paramètres!$D$16))+MIN(G32,MIN(N($E32)*Paramètres!$C$17,Paramètres!$D$17))+MIN(H32,MIN(N($E32)*Paramètres!$C$18,Paramètres!$D$18)) -> 24000 | M32: =MIN(N($E32),Paramètres!$C$7)*Paramètres!$C$6 -> 4400 | N32: =MIN(M32,I32*Paramètres!$C$8) -> 4400 | O32: =I32*IF(K32="Cadre supérieur",Paramètres!$C$10,Paramètres!$C$9) -> 14000 | P32: =MAX(0,ROUNDDOWN(N($E32)-L32-N32-O32,-2)) -> 37600 | Q32: =SUMPRODUCT((P32>Paramètres!$B$21:$B$27)*(P32-Paramètres!$B$21:$B$27)*Paramètres!$E$21:$E$27) -> 919.6 | R32: =Q32*INDEX(Paramètres!$C$31:$C$38,MIN(MAX(INT(N(J32)),0),7)+1) -> 0 | S32: =ROUND(Q32-R32,0) -> 920 | T32: =ROUND(N($E32)*Paramètres!$C$13,0) -> 2400 | U32: =ROUND(MAX(0,N($E32)-(Q32-R32)-M32)*Paramètres!$C$12,0) -> 747 | V32: =ROUND(N($E32)-M32-S32-U32,0) -> 73933
C33: KABRE Ali | E33: ='Juill-aout-sept 2026'!E31 -> 346515 | F33: =MIN(ROUNDDOWN(N($E33)*Paramètres!$C$16,0),Paramètres!$D$16) -> 69303 | G33: =MIN(ROUNDDOWN(N($E33)*Paramètres!$C$17,0),Paramètres!$D$17) -> 17325 | H33: =MIN(ROUNDDOWN(N($E33)*Paramètres!$C$18,0),Paramètres!$D$18) -> 17325 | I33: =N($E33)-(F33+G33+H33) -> 242562 | J33: 0 | K33: =IF(I33<Paramètres!$C$11,"Cadre inférieur","Cadre supérieur") -> Cadre supérieur | L33: =MIN(F33,MIN(N($E33)*Paramètres!$C$16,Paramètres!$D$16))+MIN(G33,MIN(N($E33)*Paramètres!$C$17,Paramètres!$D$17))+MIN(H33,MIN(N($E33)*Paramètres!$C$18,Paramètres!$D$18)) -> 103953 | M33: =MIN(N($E33),Paramètres!$C$7)*Paramètres!$C$6 -> 19058.325 | N33: =MIN(M33,I33*Paramètres!$C$8) -> 19058.325 | O33: =I33*IF(K33="Cadre supérieur",Paramètres!$C$10,Paramètres!$C$9) -> 48512.4 | P33: =MAX(0,ROUNDDOWN(N($E33)-L33-N33-O33,-2)) -> 174900 | Q33: =SUMPRODUCT((P33>Paramètres!$B$21:$B$27)*(P33-Paramètres!$B$21:$B$27)*Paramètres!$E$21:$E$27) -> 23133.3 | R33: =Q33*INDEX(Paramètres!$C$31:$C$38,MIN(MAX(INT(N(J33)),0),7)+1) -> 0 | S33: =ROUND(Q33-R33,0) -> 23133 | T33: =ROUND(N($E33)*Paramètres!$C$13,0) -> 10395 | U33: =ROUND(MAX(0,N($E33)-(Q33-R33)-M33)*Paramètres!$C$12,0) -> 3043 | V33: =ROUND(N($E33)-M33-S33-U33,0) -> 301281
B34: 26 | C34: KABRE Daouda | D34: 45965 | E34: ='Juill-aout-sept 2026'!E32 -> 0 | F34: =MIN(ROUNDDOWN(N($E34)*Paramètres!$C$16,0),Paramètres!$D$16) -> 0 | G34: =MIN(ROUNDDOWN(N($E34)*Paramètres!$C$17,0),Paramètres!$D$17) -> 0 | H34: =MIN(ROUNDDOWN(N($E34)*Paramètres!$C$18,0),Paramètres!$D$18) -> 0 | I34: =N($E34)-(F34+G34+H34) -> 0 | J34: 0 | K34: =IF(I34<Paramètres!$C$11,"Cadre inférieur","Cadre supérieur") -> Cadre inférieur | L34: =MIN(F34,MIN(N($E34)*Paramètres!$C$16,Paramètres!$D$16))+MIN(G34,MIN(N($E34)*Paramètres!$C$17,Paramètres!$D$17))+MIN(H34,MIN(N($E34)*Paramètres!$C$18,Paramètres!$D$18)) -> 0 | M34: =MIN(N($E34),Paramètres!$C$7)*Paramètres!$C$6 -> 0 | N34: =MIN(M34,I34*Paramètres!$C$8) -> 0 | O34: =I34*IF(K34="Cadre supérieur",Paramètres!$C$10,Paramètres!$C$9) -> 0 | P34: =MAX(0,ROUNDDOWN(N($E34)-L34-N34-O34,-2)) -> 0 | Q34: =SUMPRODUCT((P34>Paramètres!$B$21:$B$27)*(P34-Paramètres!$B$21:$B$27)*Paramètres!$E$21:$E$27) -> 0 | R34: =Q34*INDEX(Paramètres!$C$31:$C$38,MIN(MAX(INT(N(J34)),0),7)+1) -> 0 | S34: =ROUND(Q34-R34,0) -> 0 | T34: =ROUND(N($E34)*Paramètres!$C$13,0) -> 0 | U34: =ROUND(MAX(0,N($E34)-(Q34-R34)-M34)*Paramètres!$C$12,0) -> 0 | V34: =ROUND(N($E34)-M34-S34-U34,0) -> 0
B35: 27 | C35: KABRE Esther | D35: 46092 | E35: ='Juill-aout-sept 2026'!E33 -> 165340 | F35: =MIN(ROUNDDOWN(N($E35)*Paramètres!$C$16,0),Paramètres!$D$16) -> 33068 | G35: =MIN(ROUNDDOWN(N($E35)*Paramètres!$C$17,0),Paramètres!$D$17) -> 8267 | H35: =MIN(ROUNDDOWN(N($E35)*Paramètres!$C$18,0),Paramètres!$D$18) -> 8267 | I35: =N($E35)-(F35+G35+H35) -> 115738 | J35: 0 | K35: =IF(I35<Paramètres!$C$11,"Cadre inférieur","Cadre supérieur") -> Cadre inférieur | L35: =MIN(F35,MIN(N($E35)*Paramètres!$C$16,Paramètres!$D$16))+MIN(G35,MIN(N($E35)*Paramètres!$C$17,Paramètres!$D$17))+MIN(H35,MIN(N($E35)*Paramètres!$C$18,Paramètres!$D$18)) -> 49602 | M35: =MIN(N($E35),Paramètres!$C$7)*Paramètres!$C$6 -> 9093.7 | N35: =MIN(M35,I35*Paramètres!$C$8) -> 9093.7 | O35: =I35*IF(K35="Cadre supérieur",Paramètres!$C$10,Paramètres!$C$9) -> 28934.5 | P35: =MAX(0,ROUNDDOWN(N($E35)-L35-N35-O35,-2)) -> 77700 | Q35: =SUMPRODUCT((P35>Paramètres!$B$21:$B$27)*(P35-Paramètres!$B$21:$B$27)*Paramètres!$E$21:$E$27) -> 6270.3 | R35: =Q35*INDEX(Paramètres!$C$31:$C$38,MIN(MAX(INT(N(J35)),0),7)+1) -> 0 | S35: =ROUND(Q35-R35,0) -> 6270 | T35: =ROUND(N($E35)*Paramètres!$C$13,0) -> 4960 | U35: =ROUND(MAX(0,N($E35)-(Q35-R35)-M35)*Paramètres!$C$12,0) -> 1500 | V35: =ROUND(N($E35)-M35-S35-U35,0) -> 148476
C36: KARAMA Youmati | E36: ='Juill-aout-sept 2026'!E34 -> 195448 | F36: =MIN(ROUNDDOWN(N($E36)*Paramètres!$C$16,0),Paramètres!$D$16) -> 39089 | G36: =MIN(ROUNDDOWN(N($E36)*Paramètres!$C$17,0),Paramètres!$D$17) -> 9772 | H36: =MIN(ROUNDDOWN(N($E36)*Paramètres!$C$18,0),Paramètres!$D$18) -> 9772 | I36: =N($E36)-(F36+G36+H36) -> 136815 | J36: 0 | K36: =IF(I36<Paramètres!$C$11,"Cadre inférieur","Cadre supérieur") -> Cadre inférieur | L36: =MIN(F36,MIN(N($E36)*Paramètres!$C$16,Paramètres!$D$16))+MIN(G36,MIN(N($E36)*Paramètres!$C$17,Paramètres!$D$17))+MIN(H36,MIN(N($E36)*Paramètres!$C$18,Paramètres!$D$18)) -> 58633 | M36: =MIN(N($E36),Paramètres!$C$7)*Paramètres!$C$6 -> 10749.64 | N36: =MIN(M36,I36*Paramètres!$C$8) -> 10749.64 | O36: =I36*IF(K36="Cadre supérieur",Paramètres!$C$10,Paramètres!$C$9) -> 34203.75 | P36: =MAX(0,ROUNDDOWN(N($E36)-L36-N36-O36,-2)) -> 91800 | Q36: =SUMPRODUCT((P36>Paramètres!$B$21:$B$27)*(P36-Paramètres!$B$21:$B$27)*Paramètres!$E$21:$E$27) -> 8442.6 | R36: =Q36*INDEX(Paramètres!$C$31:$C$38,MIN(MAX(INT(N(J36)),0),7)+1) -> 0 | S36: =ROUND(Q36-R36,0) -> 8443 | T36: =ROUND(N($E36)*Paramètres!$C$13,0) -> 5863 | U36: =ROUND(MAX(0,N($E36)-(Q36-R36)-M36)*Paramètres!$C$12,0) -> 1763 | V36: =ROUND(N($E36)-M36-S36-U36,0) -> 174492
B37: 28 | C37: KAZIENGA PascaL | D37: 46275 | E37: ='Juill-aout-sept 2026'!E35 -> 0 | F37: =MIN(ROUNDDOWN(N($E37)*Paramètres!$C$16,0),Paramètres!$D$16) -> 0 | G37: =MIN(ROUNDDOWN(N($E37)*Paramètres!$C$17,0),Paramètres!$D$17) -> 0 | H37: =MIN(ROUNDDOWN(N($E37)*Paramètres!$C$18,0),Paramètres!$D$18) -> 0 | I37: =N($E37)-(F37+G37+H37) -> 0 | J37: 0 | K37: =IF(I37<Paramètres!$C$11,"Cadre inférieur","Cadre supérieur") -> Cadre inférieur | L37: =MIN(F37,MIN(N($E37)*Paramètres!$C$16,Paramètres!$D$16))+MIN(G37,MIN(N($E37)*Paramètres!$C$17,Paramètres!$D$17))+MIN(H37,MIN(N($E37)*Paramètres!$C$18,Paramètres!$D$18)) -> 0 | M37: =MIN(N($E37),Paramètres!$C$7)*Paramètres!$C$6 -> 0 | N37: =MIN(M37,I37*Paramètres!$C$8) -> 0 | O37: =I37*IF(K37="Cadre supérieur",Paramètres!$C$10,Paramètres!$C$9) -> 0 | P37: =MAX(0,ROUNDDOWN(N($E37)-L37-N37-O37,-2)) -> 0 | Q37: =SUMPRODUCT((P37>Paramètres!$B$21:$B$27)*(P37-Paramètres!$B$21:$B$27)*Paramètres!$E$21:$E$27) -> 0 | R37: =Q37*INDEX(Paramètres!$C$31:$C$38,MIN(MAX(INT(N(J37)),0),7)+1) -> 0 | S37: =ROUND(Q37-R37,0) -> 0 | T37: =ROUND(N($E37)*Paramètres!$C$13,0) -> 0 | U37: =ROUND(MAX(0,N($E37)-(Q37-R37)-M37)*Paramètres!$C$12,0) -> 0 | V37: =ROUND(N($E37)-M37-S37-U37,0) -> 0
B38: 29 | C38: KOANDA Souleymane | D38: 46216 | E38: ='Juill-aout-sept 2026'!E36 -> 135983 | F38: =MIN(ROUNDDOWN(N($E38)*Paramètres!$C$16,0),Paramètres!$D$16) -> 27196 | G38: =MIN(ROUNDDOWN(N($E38)*Paramètres!$C$17,0),Paramètres!$D$17) -> 6799 | H38: =MIN(ROUNDDOWN(N($E38)*Paramètres!$C$18,0),Paramètres!$D$18) -> 6799 | I38: =N($E38)-(F38+G38+H38) -> 95189 | J38: 0 | K38: =IF(I38<Paramètres!$C$11,"Cadre inférieur","Cadre supérieur") -> Cadre inférieur | L38: =MIN(F38,MIN(N($E38)*Paramètres!$C$16,Paramètres!$D$16))+MIN(G38,MIN(N($E38)*Paramètres!$C$17,Paramètres!$D$17))+MIN(H38,MIN(N($E38)*Paramètres!$C$18,Paramètres!$D$18)) -> 40794 | M38: =MIN(N($E38),Paramètres!$C$7)*Paramètres!$C$6 -> 7479.065 | N38: =MIN(M38,I38*Paramètres!$C$8) -> 7479.065 | O38: =I38*IF(K38="Cadre supérieur",Paramètres!$C$10,Paramètres!$C$9) -> 23797.25 | P38: =MAX(0,ROUNDDOWN(N($E38)-L38-N38-O38,-2)) -> 63900 | Q38: =SUMPRODUCT((P38>Paramètres!$B$21:$B$27)*(P38-Paramètres!$B$21:$B$27)*Paramètres!$E$21:$E$27) -> 4352.1 | R38: =Q38*INDEX(Paramètres!$C$31:$C$38,MIN(MAX(INT(N(J38)),0),7)+1) -> 0 | S38: =ROUND(Q38-R38,0) -> 4352 | T38: =ROUND(N($E38)*Paramètres!$C$13,0) -> 4079 | U38: =ROUND(MAX(0,N($E38)-(Q38-R38)-M38)*Paramètres!$C$12,0) -> 1242 | V38: =ROUND(N($E38)-M38-S38-U38,0) -> 122910
B39: 30 | C39: KOMPAORE Anicet | D39: 45778 | E39: ='Juill-aout-sept 2026'!E37 -> 346515 | F39: =MIN(ROUNDDOWN(N($E39)*Paramètres!$C$16,0),Paramètres!$D$16) -> 69303 | G39: =MIN(ROUNDDOWN(N($E39)*Paramètres!$C$17,0),Paramètres!$D$17) -> 17325 | H39: =MIN(ROUNDDOWN(N($E39)*Paramètres!$C$18,0),Paramètres!$D$18) -> 17325 | I39: =N($E39)-(F39+G39+H39) -> 242562 | J39: 0 | K39: =IF(I39<Paramètres!$C$11,"Cadre inférieur","Cadre supérieur") -> Cadre supérieur | L39: =MIN(F39,MIN(N($E39)*Paramètres!$C$16,Paramètres!$D$16))+MIN(G39,MIN(N($E39)*Paramètres!$C$17,Paramètres!$D$17))+MIN(H39,MIN(N($E39)*Paramètres!$C$18,Paramètres!$D$18)) -> 103953 | M39: =MIN(N($E39),Paramètres!$C$7)*Paramètres!$C$6 -> 19058.325 | N39: =MIN(M39,I39*Paramètres!$C$8) -> 19058.325 | O39: =I39*IF(K39="Cadre supérieur",Paramètres!$C$10,Paramètres!$C$9) -> 48512.4 | P39: =MAX(0,ROUNDDOWN(N($E39)-L39-N39-O39,-2)) -> 174900 | Q39: =SUMPRODUCT((P39>Paramètres!$B$21:$B$27)*(P39-Paramètres!$B$21:$B$27)*Paramètres!$E$21:$E$27) -> 23133.3 | R39: =Q39*INDEX(Paramètres!$C$31:$C$38,MIN(MAX(INT(N(J39)),0),7)+1) -> 0 | S39: =ROUND(Q39-R39,0) -> 23133 | T39: =ROUND(N($E39)*Paramètres!$C$13,0) -> 10395 | U39: =ROUND(MAX(0,N($E39)-(Q39-R39)-M39)*Paramètres!$C$12,0) -> 3043 | V39: =ROUND(N($E39)-M39-S39-U39,0) -> 301281
B40: 31 | C40: KONE Tidiane | D40: 45962 | E40: ='Juill-aout-sept 2026'!E38 -> 213563 | F40: =MIN(ROUNDDOWN(N($E40)*Paramètres!$C$16,0),Paramètres!$D$16) -> 42712 | G40: =MIN(ROUNDDOWN(N($E40)*Paramètres!$C$17,0),Paramètres!$D$17) -> 10678 | H40: =MIN(ROUNDDOWN(N($E40)*Paramètres!$C$18,0),Paramètres!$D$18) -> 10678 | I40: =N($E40)-(F40+G40+H40) -> 149495 | J40: 0 | K40: =IF(I40<Paramètres!$C$11,"Cadre inférieur","Cadre supérieur") -> Cadre inférieur | L40: =MIN(F40,MIN(N($E40)*Paramètres!$C$16,Paramètres!$D$16))+MIN(G40,MIN(N($E40)*Paramètres!$C$17,Paramètres!$D$17))+MIN(H40,MIN(N($E40)*Paramètres!$C$18,Paramètres!$D$18)) -> 64068 | M40: =MIN(N($E40),Paramètres!$C$7)*Paramètres!$C$6 -> 11745.965 | N40: =MIN(M40,I40*Paramètres!$C$8) -> 11745.965 | O40: =I40*IF(K40="Cadre supérieur",Paramètres!$C$10,Paramètres!$C$9) -> 37373.75 | P40: =MAX(0,ROUNDDOWN(N($E40)-L40-N40-O40,-2)) -> 100300 | Q40: =SUMPRODUCT((P40>Paramètres!$B$21:$B$27)*(P40-Paramètres!$B$21:$B$27)*Paramètres!$E$21:$E$27) -> 9777.1 | R40: =Q40*INDEX(Paramètres!$C$31:$C$38,MIN(MAX(INT(N(J40)),0),7)+1) -> 0 | S40: =ROUND(Q40-R40,0) -> 9777 | T40: =ROUND(N($E40)*Paramètres!$C$13,0) -> 6407 | U40: =ROUND(MAX(0,N($E40)-(Q40-R40)-M40)*Paramètres!$C$12,0) -> 1920 | V40: =ROUND(N($E40)-M40-S40-U40,0) -> 190120
B41: 32 | C41: KONSIMBO A. Aziz | D41: 46252 | E41: ='Juill-aout-sept 2026'!E39 -> 0 | F41: =MIN(ROUNDDOWN(N($E41)*Paramètres!$C$16,0),Paramètres!$D$16) -> 0 | G41: =MIN(ROUNDDOWN(N($E41)*Paramètres!$C$17,0),Paramètres!$D$17) -> 0 | H41: =MIN(ROUNDDOWN(N($E41)*Paramètres!$C$18,0),Paramètres!$D$18) -> 0 | I41: =N($E41)-(F41+G41+H41) -> 0 | J41: 0 | K41: =IF(I41<Paramètres!$C$11,"Cadre inférieur","Cadre supérieur") -> Cadre inférieur | L41: =MIN(F41,MIN(N($E41)*Paramètres!$C$16,Paramètres!$D$16))+MIN(G41,MIN(N($E41)*Paramètres!$C$17,Paramètres!$D$17))+MIN(H41,MIN(N($E41)*Paramètres!$C$18,Paramètres!$D$18)) -> 0 | M41: =MIN(N($E41),Paramètres!$C$7)*Paramètres!$C$6 -> 0 | N41: =MIN(M41,I41*Paramètres!$C$8) -> 0 | O41: =I41*IF(K41="Cadre supérieur",Paramètres!$C$10,Paramètres!$C$9) -> 0 | P41: =MAX(0,ROUNDDOWN(N($E41)-L41-N41-O41,-2)) -> 0 | Q41: =SUMPRODUCT((P41>Paramètres!$B$21:$B$27)*(P41-Paramètres!$B$21:$B$27)*Paramètres!$E$21:$E$27) -> 0 | R41: =Q41*INDEX(Paramètres!$C$31:$C$38,MIN(MAX(INT(N(J41)),0),7)+1) -> 0 | S41: =ROUND(Q41-R41,0) -> 0 | T41: =ROUND(N($E41)*Paramètres!$C$13,0) -> 0 | U41: =ROUND(MAX(0,N($E41)-(Q41-R41)-M41)*Paramètres!$C$12,0) -> 0 | V41: =ROUND(N($E41)-M41-S41-U41,0) -> 0
B42: 33 | C42: MAIGA Harisso | D42: 46023 | E42: ='Juill-aout-sept 2026'!E40 -> 213563 | F42: =MIN(ROUNDDOWN(N($E42)*Paramètres!$C$16,0),Paramètres!$D$16) -> 42712 | G42: =MIN(ROUNDDOWN(N($E42)*Paramètres!$C$17,0),Paramètres!$D$17) -> 10678 | H42: =MIN(ROUNDDOWN(N($E42)*Paramètres!$C$18,0),Paramètres!$D$18) -> 10678 | I42: =N($E42)-(F42+G42+H42) -> 149495 | J42: 0 | K42: =IF(I42<Paramètres!$C$11,"Cadre inférieur","Cadre supérieur") -> Cadre inférieur | L42: =MIN(F42,MIN(N($E42)*Paramètres!$C$16,Paramètres!$D$16))+MIN(G42,MIN(N($E42)*Paramètres!$C$17,Paramètres!$D$17))+MIN(H42,MIN(N($E42)*Paramètres!$C$18,Paramètres!$D$18)) -> 64068 | M42: =MIN(N($E42),Paramètres!$C$7)*Paramètres!$C$6 -> 11745.965 | N42: =MIN(M42,I42*Paramètres!$C$8) -> 11745.965 | O42: =I42*IF(K42="Cadre supérieur",Paramètres!$C$10,Paramètres!$C$9) -> 37373.75 | P42: =MAX(0,ROUNDDOWN(N($E42)-L42-N42-O42,-2)) -> 100300 | Q42: =SUMPRODUCT((P42>Paramètres!$B$21:$B$27)*(P42-Paramètres!$B$21:$B$27)*Paramètres!$E$21:$E$27) -> 9777.1 | R42: =Q42*INDEX(Paramètres!$C$31:$C$38,MIN(MAX(INT(N(J42)),0),7)+1) -> 0 | S42: =ROUND(Q42-R42,0) -> 9777 | T42: =ROUND(N($E42)*Paramètres!$C$13,0) -> 6407 | U42: =ROUND(MAX(0,N($E42)-(Q42-R42)-M42)*Paramètres!$C$12,0) -> 1920 | V42: =ROUND(N($E42)-M42-S42-U42,0) -> 190120
B43: 34 | C43: NANEMA Roger | D43: 46220 | E43: ='Juill-aout-sept 2026'!E41 -> 0 | F43: =MIN(ROUNDDOWN(N($E43)*Paramètres!$C$16,0),Paramètres!$D$16) -> 0 | G43: =MIN(ROUNDDOWN(N($E43)*Paramètres!$C$17,0),Paramètres!$D$17) -> 0 | H43: =MIN(ROUNDDOWN(N($E43)*Paramètres!$C$18,0),Paramètres!$D$18) -> 0 | I43: =N($E43)-(F43+G43+H43) -> 0 | J43: 0 | K43: =IF(I43<Paramètres!$C$11,"Cadre inférieur","Cadre supérieur") -> Cadre inférieur | L43: =MIN(F43,MIN(N($E43)*Paramètres!$C$16,Paramètres!$D$16))+MIN(G43,MIN(N($E43)*Paramètres!$C$17,Paramètres!$D$17))+MIN(H43,MIN(N($E43)*Paramètres!$C$18,Paramètres!$D$18)) -> 0 | M43: =MIN(N($E43),Paramètres!$C$7)*Paramètres!$C$6 -> 0 | N43: =MIN(M43,I43*Paramètres!$C$8) -> 0 | O43: =I43*IF(K43="Cadre supérieur",Paramètres!$C$10,Paramètres!$C$9) -> 0 | P43: =MAX(0,ROUNDDOWN(N($E43)-L43-N43-O43,-2)) -> 0 | Q43: =SUMPRODUCT((P43>Paramètres!$B$21:$B$27)*(P43-Paramètres!$B$21:$B$27)*Paramètres!$E$21:$E$27) -> 0 | R43: =Q43*INDEX(Paramètres!$C$31:$C$38,MIN(MAX(INT(N(J43)),0),7)+1) -> 0 | S43: =ROUND(Q43-R43,0) -> 0 | T43: =ROUND(N($E43)*Paramètres!$C$13,0) -> 0 | U43: =ROUND(MAX(0,N($E43)-(Q43-R43)-M43)*Paramètres!$C$12,0) -> 0 | V43: =ROUND(N($E43)-M43-S43-U43,0) -> 0
B44: 35 | C44: NANGA Yaba | D44: 46068 | E44: ='Juill-aout-sept 2026'!E42 -> 135983 | F44: =MIN(ROUNDDOWN(N($E44)*Paramètres!$C$16,0),Paramètres!$D$16) -> 27196 | G44: =MIN(ROUNDDOWN(N($E44)*Paramètres!$C$17,0),Paramètres!$D$17) -> 6799 | H44: =MIN(ROUNDDOWN(N($E44)*Paramètres!$C$18,0),Paramètres!$D$18) -> 6799 | I44: =N($E44)-(F44+G44+H44) -> 95189 | J44: 0 | K44: =IF(I44<Paramètres!$C$11,"Cadre inférieur","Cadre supérieur") -> Cadre inférieur | L44: =MIN(F44,MIN(N($E44)*Paramètres!$C$16,Paramètres!$D$16))+MIN(G44,MIN(N($E44)*Paramètres!$C$17,Paramètres!$D$17))+MIN(H44,MIN(N($E44)*Paramètres!$C$18,Paramètres!$D$18)) -> 40794 | M44: =MIN(N($E44),Paramètres!$C$7)*Paramètres!$C$6 -> 7479.065 | N44: =MIN(M44,I44*Paramètres!$C$8) -> 7479.065 | O44: =I44*IF(K44="Cadre supérieur",Paramètres!$C$10,Paramètres!$C$9) -> 23797.25 | P44: =MAX(0,ROUNDDOWN(N($E44)-L44-N44-O44,-2)) -> 63900 | Q44: =SUMPRODUCT((P44>Paramètres!$B$21:$B$27)*(P44-Paramètres!$B$21:$B$27)*Paramètres!$E$21:$E$27) -> 4352.1 | R44: =Q44*INDEX(Paramètres!$C$31:$C$38,MIN(MAX(INT(N(J44)),0),7)+1) -> 0 | S44: =ROUND(Q44-R44,0) -> 4352 | T44: =ROUND(N($E44)*Paramètres!$C$13,0) -> 4079 | U44: =ROUND(MAX(0,N($E44)-(Q44-R44)-M44)*Paramètres!$C$12,0) -> 1242 | V44: =ROUND(N($E44)-M44-S44-U44,0) -> 122910
B45: 36 | C45: NIKIEMA Ibrahim | D45: 46219 | E45: ='Juill-aout-sept 2026'!E43 -> 0 | F45: =MIN(ROUNDDOWN(N($E45)*Paramètres!$C$16,0),Paramètres!$D$16) -> 0 | G45: =MIN(ROUNDDOWN(N($E45)*Paramètres!$C$17,0),Paramètres!$D$17) -> 0 | H45: =MIN(ROUNDDOWN(N($E45)*Paramètres!$C$18,0),Paramètres!$D$18) -> 0 | I45: =N($E45)-(F45+G45+H45) -> 0 | J45: 0 | K45: =IF(I45<Paramètres!$C$11,"Cadre inférieur","Cadre supérieur") -> Cadre inférieur | L45: =MIN(F45,MIN(N($E45)*Paramètres!$C$16,Paramètres!$D$16))+MIN(G45,MIN(N($E45)*Paramètres!$C$17,Paramètres!$D$17))+MIN(H45,MIN(N($E45)*Paramètres!$C$18,Paramètres!$D$18)) -> 0 | M45: =MIN(N($E45),Paramètres!$C$7)*Paramètres!$C$6 -> 0 | N45: =MIN(M45,I45*Paramètres!$C$8) -> 0 | O45: =I45*IF(K45="Cadre supérieur",Paramètres!$C$10,Paramètres!$C$9) -> 0 | P45: =MAX(0,ROUNDDOWN(N($E45)-L45-N45-O45,-2)) -> 0 | Q45: =SUMPRODUCT((P45>Paramètres!$B$21:$B$27)*(P45-Paramètres!$B$21:$B$27)*Paramètres!$E$21:$E$27) -> 0 | R45: =Q45*INDEX(Paramètres!$C$31:$C$38,MIN(MAX(INT(N(J45)),0),7)+1) -> 0 | S45: =ROUND(Q45-R45,0) -> 0 | T45: =ROUND(N($E45)*Paramètres!$C$13,0) -> 0 | U45: =ROUND(MAX(0,N($E45)-(Q45-R45)-M45)*Paramètres!$C$12,0) -> 0 | V45: =ROUND(N($E45)-M45-S45-U45,0) -> 0
B46: 37 | C46: NITIEMA Soumaila | D46: 44562 | E46: ='Juill-aout-sept 2026'!E44 -> 866830 | F46: =MIN(ROUNDDOWN(N($E46)*Paramètres!$C$16,0),Paramètres!$D$16) -> 75000 | G46: =MIN(ROUNDDOWN(N($E46)*Paramètres!$C$17,0),Paramètres!$D$17) -> 30000 | H46: =MIN(ROUNDDOWN(N($E46)*Paramètres!$C$18,0),Paramètres!$D$18) -> 43341 | I46: =N($E46)-(F46+G46+H46) -> 718489 | J46: 0 | K46: =IF(I46<Paramètres!$C$11,"Cadre inférieur","Cadre supérieur") -> Cadre supérieur | L46: =MIN(F46,MIN(N($E46)*Paramètres!$C$16,Paramètres!$D$16))+MIN(G46,MIN(N($E46)*Paramètres!$C$17,Paramètres!$D$17))+MIN(H46,MIN(N($E46)*Paramètres!$C$18,Paramètres!$D$18)) -> 148341 | M46: =MIN(N($E46),Paramètres!$C$7)*Paramètres!$C$6 -> 44000 | N46: =MIN(M46,I46*Paramètres!$C$8) -> 44000 | O46: =I46*IF(K46="Cadre supérieur",Paramètres!$C$10,Paramètres!$C$9) -> 143697.8 | P46: =MAX(0,ROUNDDOWN(N($E46)-L46-N46-O46,-2)) -> 530700 | Q46: =SUMPRODUCT((P46>Paramètres!$B$21:$B$27)*(P46-Paramètres!$B$21:$B$27)*Paramètres!$E$21:$E$27) -> 109605 | R46: =Q46*INDEX(Paramètres!$C$31:$C$38,MIN(MAX(INT(N(J46)),0),7)+1) -> 0 | S46: =ROUND(Q46-R46,0) -> 109605 | T46: =ROUND(N($E46)*Paramètres!$C$13,0) -> 26005 | U46: =ROUND(MAX(0,N($E46)-(Q46-R46)-M46)*Paramètres!$C$12,0) -> 7132 | V46: =ROUND(N($E46)-M46-S46-U46,0) -> 706093
B47: 38 | C47: OUATTARA Abou | D47: 46213 | E47: ='Juill-aout-sept 2026'!E45 -> 0 | F47: =MIN(ROUNDDOWN(N($E47)*Paramètres!$C$16,0),Paramètres!$D$16) -> 0 | G47: =MIN(ROUNDDOWN(N($E47)*Paramètres!$C$17,0),Paramètres!$D$17) -> 0 | H47: =MIN(ROUNDDOWN(N($E47)*Paramètres!$C$18,0),Paramètres!$D$18) -> 0 | I47: =N($E47)-(F47+G47+H47) -> 0 | J47: 0 | K47: =IF(I47<Paramètres!$C$11,"Cadre inférieur","Cadre supérieur") -> Cadre inférieur | L47: =MIN(F47,MIN(N($E47)*Paramètres!$C$16,Paramètres!$D$16))+MIN(G47,MIN(N($E47)*Paramètres!$C$17,Paramètres!$D$17))+MIN(H47,MIN(N($E47)*Paramètres!$C$18,Paramètres!$D$18)) -> 0 | M47: =MIN(N($E47),Paramètres!$C$7)*Paramètres!$C$6 -> 0 | N47: =MIN(M47,I47*Paramètres!$C$8) -> 0 | O47: =I47*IF(K47="Cadre supérieur",Paramètres!$C$10,Paramètres!$C$9) -> 0 | P47: =MAX(0,ROUNDDOWN(N($E47)-L47-N47-O47,-2)) -> 0 | Q47: =SUMPRODUCT((P47>Paramètres!$B$21:$B$27)*(P47-Paramètres!$B$21:$B$27)*Paramètres!$E$21:$E$27) -> 0 | R47: =Q47*INDEX(Paramètres!$C$31:$C$38,MIN(MAX(INT(N(J47)),0),7)+1) -> 0 | S47: =ROUND(Q47-R47,0) -> 0 | T47: =ROUND(N($E47)*Paramètres!$C$13,0) -> 0 | U47: =ROUND(MAX(0,N($E47)-(Q47-R47)-M47)*Paramètres!$C$12,0) -> 0 | V47: =ROUND(N($E47)-M47-S47-U47,0) -> 0
B48: 39 | C48: OUATTARA Alassane | D48: 46218 | E48: ='Juill-aout-sept 2026'!E46 -> 80000 | F48: =MIN(ROUNDDOWN(N($E48)*Paramètres!$C$16,0),Paramètres!$D$16) -> 16000 | G48: =MIN(ROUNDDOWN(N($E48)*Paramètres!$C$17,0),Paramètres!$D$17) -> 4000 | H48: =MIN(ROUNDDOWN(N($E48)*Paramètres!$C$18,0),Paramètres!$D$18) -> 4000 | I48: =N($E48)-(F48+G48+H48) -> 56000 | J48: 0 | K48: =IF(I48<Paramètres!$C$11,"Cadre inférieur","Cadre supérieur") -> Cadre inférieur | L48: =MIN(F48,MIN(N($E48)*Paramètres!$C$16,Paramètres!$D$16))+MIN(G48,MIN(N($E48)*Paramètres!$C$17,Paramètres!$D$17))+MIN(H48,MIN(N($E48)*Paramètres!$C$18,Paramètres!$D$18)) -> 24000 | M48: =MIN(N($E48),Paramètres!$C$7)*Paramètres!$C$6 -> 4400 | N48: =MIN(M48,I48*Paramètres!$C$8) -> 4400 | O48: =I48*IF(K48="Cadre supérieur",Paramètres!$C$10,Paramètres!$C$9) -> 14000 | P48: =MAX(0,ROUNDDOWN(N($E48)-L48-N48-O48,-2)) -> 37600 | Q48: =SUMPRODUCT((P48>Paramètres!$B$21:$B$27)*(P48-Paramètres!$B$21:$B$27)*Paramètres!$E$21:$E$27) -> 919.6 | R48: =Q48*INDEX(Paramètres!$C$31:$C$38,MIN(MAX(INT(N(J48)),0),7)+1) -> 0 | S48: =ROUND(Q48-R48,0) -> 920 | T48: =ROUND(N($E48)*Paramètres!$C$13,0) -> 2400 | U48: =ROUND(MAX(0,N($E48)-(Q48-R48)-M48)*Paramètres!$C$12,0) -> 747 | V48: =ROUND(N($E48)-M48-S48-U48,0) -> 73933
B49: 40 | C49: OUEDRAOGO A. Aziz | D49: 46144 | E49: ='Juill-aout-sept 2026'!E47 -> 108397 | F49: =MIN(ROUNDDOWN(N($E49)*Paramètres!$C$16,0),Paramètres!$D$16) -> 21679 | G49: =MIN(ROUNDDOWN(N($E49)*Paramètres!$C$17,0),Paramètres!$D$17) -> 5419 | H49: =MIN(ROUNDDOWN(N($E49)*Paramètres!$C$18,0),Paramètres!$D$18) -> 5419 | I49: =N($E49)-(F49+G49+H49) -> 75880 | J49: 0 | K49: =IF(I49<Paramètres!$C$11,"Cadre inférieur","Cadre supérieur") -> Cadre inférieur | L49: =MIN(F49,MIN(N($E49)*Paramètres!$C$16,Paramètres!$D$16))+MIN(G49,MIN(N($E49)*Paramètres!$C$17,Paramètres!$D$17))+MIN(H49,MIN(N($E49)*Paramètres!$C$18,Paramètres!$D$18)) -> 32517 | M49: =MIN(N($E49),Paramètres!$C$7)*Paramètres!$C$6 -> 5961.835 | N49: =MIN(M49,I49*Paramètres!$C$8) -> 5961.835 | O49: =I49*IF(K49="Cadre supérieur",Paramètres!$C$10,Paramètres!$C$9) -> 18970 | P49: =MAX(0,ROUNDDOWN(N($E49)-L49-N49-O49,-2)) -> 50900 | Q49: =SUMPRODUCT((P49>Paramètres!$B$21:$B$27)*(P49-Paramètres!$B$21:$B$27)*Paramètres!$E$21:$E$27) -> 2545.1 | R49: =Q49*INDEX(Paramètres!$C$31:$C$38,MIN(MAX(INT(N(J49)),0),7)+1) -> 0 | S49: =ROUND(Q49-R49,0) -> 2545 | T49: =ROUND(N($E49)*Paramètres!$C$13,0) -> 3252 | U49: =ROUND(MAX(0,N($E49)-(Q49-R49)-M49)*Paramètres!$C$12,0) -> 999 | V49: =ROUND(N($E49)-M49-S49-U49,0) -> 98891
B50: 41 | C50: OUEDRAOGO Abdoul Ganyou | E50: ='Juill-aout-sept 2026'!E48 -> 225778 | F50: =MIN(ROUNDDOWN(N($E50)*Paramètres!$C$16,0),Paramètres!$D$16) -> 45155 | G50: =MIN(ROUNDDOWN(N($E50)*Paramètres!$C$17,0),Paramètres!$D$17) -> 11288 | H50: =MIN(ROUNDDOWN(N($E50)*Paramètres!$C$18,0),Paramètres!$D$18) -> 11288 | I50: =N($E50)-(F50+G50+H50) -> 158047 | J50: 0 | K50: =IF(I50<Paramètres!$C$11,"Cadre inférieur","Cadre supérieur") -> Cadre supérieur | L50: =MIN(F50,MIN(N($E50)*Paramètres!$C$16,Paramètres!$D$16))+MIN(G50,MIN(N($E50)*Paramètres!$C$17,Paramètres!$D$17))+MIN(H50,MIN(N($E50)*Paramètres!$C$18,Paramètres!$D$18)) -> 67731 | M50: =MIN(N($E50),Paramètres!$C$7)*Paramètres!$C$6 -> 12417.79 | N50: =MIN(M50,I50*Paramètres!$C$8) -> 12417.79 | O50: =I50*IF(K50="Cadre supérieur",Paramètres!$C$10,Paramètres!$C$9) -> 31609.4 | P50: =MAX(0,ROUNDDOWN(N($E50)-L50-N50-O50,-2)) -> 114000 | Q50: =SUMPRODUCT((P50>Paramètres!$B$21:$B$27)*(P50-Paramètres!$B$21:$B$27)*Paramètres!$E$21:$E$27) -> 11928 | R50: =Q50*INDEX(Paramètres!$C$31:$C$38,MIN(MAX(INT(N(J50)),0),7)+1) -> 0 | S50: =ROUND(Q50-R50,0) -> 11928 | T50: =ROUND(N($E50)*Paramètres!$C$13,0) -> 6773 | U50: =ROUND(MAX(0,N($E50)-(Q50-R50)-M50)*Paramètres!$C$12,0) -> 2014 | V50: =ROUND(N($E50)-M50-S50-U50,0) -> 199418
B51: 42 | C51: OUEDRAOGO Abdoul Rasmane | D51: 46011 | E51: ='Juill-aout-sept 2026'!E49 -> 177387 | F51: =MIN(ROUNDDOWN(N($E51)*Paramètres!$C$16,0),Paramètres!$D$16) -> 35477 | G51: =MIN(ROUNDDOWN(N($E51)*Paramètres!$C$17,0),Paramètres!$D$17) -> 8869 | H51: =MIN(ROUNDDOWN(N($E51)*Paramètres!$C$18,0),Paramètres!$D$18) -> 8869 | I51: =N($E51)-(F51+G51+H51) -> 124172 | J51: 0 | K51: =IF(I51<Paramètres!$C$11,"Cadre inférieur","Cadre supérieur") -> Cadre inférieur | L51: =MIN(F51,MIN(N($E51)*Paramètres!$C$16,Paramètres!$D$16))+MIN(G51,MIN(N($E51)*Paramètres!$C$17,Paramètres!$D$17))+MIN(H51,MIN(N($E51)*Paramètres!$C$18,Paramètres!$D$18)) -> 53215 | M51: =MIN(N($E51),Paramètres!$C$7)*Paramètres!$C$6 -> 9756.285 | N51: =MIN(M51,I51*Paramètres!$C$8) -> 9756.285 | O51: =I51*IF(K51="Cadre supérieur",Paramètres!$C$10,Paramètres!$C$9) -> 31043 | P51: =MAX(0,ROUNDDOWN(N($E51)-L51-N51-O51,-2)) -> 83300 | Q51: =SUMPRODUCT((P51>Paramètres!$B$21:$B$27)*(P51-Paramètres!$B$21:$B$27)*Paramètres!$E$21:$E$27) -> 7108.1 | R51: =Q51*INDEX(Paramètres!$C$31:$C$38,MIN(MAX(INT(N(J51)),0),7)+1) -> 0 | S51: =ROUND(Q51-R51,0) -> 7108 | T51: =ROUND(N($E51)*Paramètres!$C$13,0) -> 5322 | U51: =ROUND(MAX(0,N($E51)-(Q51-R51)-M51)*Paramètres!$C$12,0) -> 1605 | V51: =ROUND(N($E51)-M51-S51-U51,0) -> 158918
B52: 43 | C52: OUEDRAOGO Ali | D52: 46183 | E52: ='Juill-aout-sept 2026'!E50 -> 0 | F52: =MIN(ROUNDDOWN(N($E52)*Paramètres!$C$16,0),Paramètres!$D$16) -> 0 | G52: =MIN(ROUNDDOWN(N($E52)*Paramètres!$C$17,0),Paramètres!$D$17) -> 0 | H52: =MIN(ROUNDDOWN(N($E52)*Paramètres!$C$18,0),Paramètres!$D$18) -> 0 | I52: =N($E52)-(F52+G52+H52) -> 0 | J52: 0 | K52: =IF(I52<Paramètres!$C$11,"Cadre inférieur","Cadre supérieur") -> Cadre inférieur | L52: =MIN(F52,MIN(N($E52)*Paramètres!$C$16,Paramètres!$D$16))+MIN(G52,MIN(N($E52)*Paramètres!$C$17,Paramètres!$D$17))+MIN(H52,MIN(N($E52)*Paramètres!$C$18,Paramètres!$D$18)) -> 0 | M52: =MIN(N($E52),Paramètres!$C$7)*Paramètres!$C$6 -> 0 | N52: =MIN(M52,I52*Paramètres!$C$8) -> 0 | O52: =I52*IF(K52="Cadre supérieur",Paramètres!$C$10,Paramètres!$C$9) -> 0 | P52: =MAX(0,ROUNDDOWN(N($E52)-L52-N52-O52,-2)) -> 0 | Q52: =SUMPRODUCT((P52>Paramètres!$B$21:$B$27)*(P52-Paramètres!$B$21:$B$27)*Paramètres!$E$21:$E$27) -> 0 | R52: =Q52*INDEX(Paramètres!$C$31:$C$38,MIN(MAX(INT(N(J52)),0),7)+1) -> 0 | S52: =ROUND(Q52-R52,0) -> 0 | T52: =ROUND(N($E52)*Paramètres!$C$13,0) -> 0 | U52: =ROUND(MAX(0,N($E52)-(Q52-R52)-M52)*Paramètres!$C$12,0) -> 0 | V52: =ROUND(N($E52)-M52-S52-U52,0) -> 0
B53: 44 | C53: OUEDRAOGO Aziz | D53: 45784 | E53: ='Juill-aout-sept 2026'!E51 -> 108397 | F53: =MIN(ROUNDDOWN(N($E53)*Paramètres!$C$16,0),Paramètres!$D$16) -> 21679 | G53: =MIN(ROUNDDOWN(N($E53)*Paramètres!$C$17,0),Paramètres!$D$17) -> 5419 | H53: =MIN(ROUNDDOWN(N($E53)*Paramètres!$C$18,0),Paramètres!$D$18) -> 5419 | I53: =N($E53)-(F53+G53+H53) -> 75880 | J53: 0 | K53: =IF(I53<Paramètres!$C$11,"Cadre inférieur","Cadre supérieur") -> Cadre inférieur | L53: =MIN(F53,MIN(N($E53)*Paramètres!$C$16,Paramètres!$D$16))+MIN(G53,MIN(N($E53)*Paramètres!$C$17,Paramètres!$D$17))+MIN(H53,MIN(N($E53)*Paramètres!$C$18,Paramètres!$D$18)) -> 32517 | M53: =MIN(N($E53),Paramètres!$C$7)*Paramètres!$C$6 -> 5961.835 | N53: =MIN(M53,I53*Paramètres!$C$8) -> 5961.835 | O53: =I53*IF(K53="Cadre supérieur",Paramètres!$C$10,Paramètres!$C$9) -> 18970 | P53: =MAX(0,ROUNDDOWN(N($E53)-L53-N53-O53,-2)) -> 50900 | Q53: =SUMPRODUCT((P53>Paramètres!$B$21:$B$27)*(P53-Paramètres!$B$21:$B$27)*Paramètres!$E$21:$E$27) -> 2545.1 | R53: =Q53*INDEX(Paramètres!$C$31:$C$38,MIN(MAX(INT(N(J53)),0),7)+1) -> 0 | S53: =ROUND(Q53-R53,0) -> 2545 | T53: =ROUND(N($E53)*Paramètres!$C$13,0) -> 3252 | U53: =ROUND(MAX(0,N($E53)-(Q53-R53)-M53)*Paramètres!$C$12,0) -> 999 | V53: =ROUND(N($E53)-M53-S53-U53,0) -> 98891
B54: 45 | C54: OUEDRAOGO Christian | D54: 46000 | E54: ='Juill-aout-sept 2026'!E52 -> 177387 | F54: =MIN(ROUNDDOWN(N($E54)*Paramètres!$C$16,0),Paramètres!$D$16) -> 35477 | G54: =MIN(ROUNDDOWN(N($E54)*Paramètres!$C$17,0),Paramètres!$D$17) -> 8869 | H54: =MIN(ROUNDDOWN(N($E54)*Paramètres!$C$18,0),Paramètres!$D$18) -> 8869 | I54: =N($E54)-(F54+G54+H54) -> 124172 | J54: 0 | K54: =IF(I54<Paramètres!$C$11,"Cadre inférieur","Cadre supérieur") -> Cadre inférieur | L54: =MIN(F54,MIN(N($E54)*Paramètres!$C$16,Paramètres!$D$16))+MIN(G54,MIN(N($E54)*Paramètres!$C$17,Paramètres!$D$17))+MIN(H54,MIN(N($E54)*Paramètres!$C$18,Paramètres!$D$18)) -> 53215 | M54: =MIN(N($E54),Paramètres!$C$7)*Paramètres!$C$6 -> 9756.285 | N54: =MIN(M54,I54*Paramètres!$C$8) -> 9756.285 | O54: =I54*IF(K54="Cadre supérieur",Paramètres!$C$10,Paramètres!$C$9) -> 31043 | P54: =MAX(0,ROUNDDOWN(N($E54)-L54-N54-O54,-2)) -> 83300 | Q54: =SUMPRODUCT((P54>Paramètres!$B$21:$B$27)*(P54-Paramètres!$B$21:$B$27)*Paramètres!$E$21:$E$27) -> 7108.1 | R54: =Q54*INDEX(Paramètres!$C$31:$C$38,MIN(MAX(INT(N(J54)),0),7)+1) -> 0 | S54: =ROUND(Q54-R54,0) -> 7108 | T54: =ROUND(N($E54)*Paramètres!$C$13,0) -> 5322 | U54: =ROUND(MAX(0,N($E54)-(Q54-R54)-M54)*Paramètres!$C$12,0) -> 1605 | V54: =ROUND(N($E54)-M54-S54-U54,0) -> 158918
B55: 46 | C55: OUEDRAOGO Ibrahim | D55: 46204 | E55: ='Juill-aout-sept 2026'!E53 -> 0 | F55: =MIN(ROUNDDOWN(N($E55)*Paramètres!$C$16,0),Paramètres!$D$16) -> 0 | G55: =MIN(ROUNDDOWN(N($E55)*Paramètres!$C$17,0),Paramètres!$D$17) -> 0 | H55: =MIN(ROUNDDOWN(N($E55)*Paramètres!$C$18,0),Paramètres!$D$18) -> 0 | I55: =N($E55)-(F55+G55+H55) -> 0 | J55: 0 | K55: =IF(I55<Paramètres!$C$11,"Cadre inférieur","Cadre supérieur") -> Cadre inférieur | L55: =MIN(F55,MIN(N($E55)*Paramètres!$C$16,Paramètres!$D$16))+MIN(G55,MIN(N($E55)*Paramètres!$C$17,Paramètres!$D$17))+MIN(H55,MIN(N($E55)*Paramètres!$C$18,Paramètres!$D$18)) -> 0 | M55: =MIN(N($E55),Paramètres!$C$7)*Paramètres!$C$6 -> 0 | N55: =MIN(M55,I55*Paramètres!$C$8) -> 0 | O55: =I55*IF(K55="Cadre supérieur",Paramètres!$C$10,Paramètres!$C$9) -> 0 | P55: =MAX(0,ROUNDDOWN(N($E55)-L55-N55-O55,-2)) -> 0 | Q55: =SUMPRODUCT((P55>Paramètres!$B$21:$B$27)*(P55-Paramètres!$B$21:$B$27)*Paramètres!$E$21:$E$27) -> 0 | R55: =Q55*INDEX(Paramètres!$C$31:$C$38,MIN(MAX(INT(N(J55)),0),7)+1) -> 0 | S55: =ROUND(Q55-R55,0) -> 0 | T55: =ROUND(N($E55)*Paramètres!$C$13,0) -> 0 | U55: =ROUND(MAX(0,N($E55)-(Q55-R55)-M55)*Paramètres!$C$12,0) -> 0 | V55: =ROUND(N($E55)-M55-S55-U55,0) -> 0
B56: 47 | C56: OUEDRAOGO Issa | D56: 46088 | E56: ='Juill-aout-sept 2026'!E54 -> 135983 | F56: =MIN(ROUNDDOWN(N($E56)*Paramètres!$C$16,0),Paramètres!$D$16) -> 27196 | G56: =MIN(ROUNDDOWN(N($E56)*Paramètres!$C$17,0),Paramètres!$D$17) -> 6799 | H56: =MIN(ROUNDDOWN(N($E56)*Paramètres!$C$18,0),Paramètres!$D$18) -> 6799 | I56: =N($E56)-(F56+G56+H56) -> 95189 | J56: 0 | K56: =IF(I56<Paramètres!$C$11,"Cadre inférieur","Cadre supérieur") -> Cadre inférieur | L56: =MIN(F56,MIN(N($E56)*Paramètres!$C$16,Paramètres!$D$16))+MIN(G56,MIN(N($E56)*Paramètres!$C$17,Paramètres!$D$17))+MIN(H56,MIN(N($E56)*Paramètres!$C$18,Paramètres!$D$18)) -> 40794 | M56: =MIN(N($E56),Paramètres!$C$7)*Paramètres!$C$6 -> 7479.065 | N56: =MIN(M56,I56*Paramètres!$C$8) -> 7479.065 | O56: =I56*IF(K56="Cadre supérieur",Paramètres!$C$10,Paramètres!$C$9) -> 23797.25 | P56: =MAX(0,ROUNDDOWN(N($E56)-L56-N56-O56,-2)) -> 63900 | Q56: =SUMPRODUCT((P56>Paramètres!$B$21:$B$27)*(P56-Paramètres!$B$21:$B$27)*Paramètres!$E$21:$E$27) -> 4352.1 | R56: =Q56*INDEX(Paramètres!$C$31:$C$38,MIN(MAX(INT(N(J56)),0),7)+1) -> 0 | S56: =ROUND(Q56-R56,0) -> 4352 | T56: =ROUND(N($E56)*Paramètres!$C$13,0) -> 4079 | U56: =ROUND(MAX(0,N($E56)-(Q56-R56)-M56)*Paramètres!$C$12,0) -> 1242 | V56: =ROUND(N($E56)-M56-S56-U56,0) -> 122910
B57: 48 | C57: OUEDRAOGO Karim | D57: 45766 | E57: ='Juill-aout-sept 2026'!E55 -> 471355 | F57: =MIN(ROUNDDOWN(N($E57)*Paramètres!$C$16,0),Paramètres!$D$16) -> 75000 | G57: =MIN(ROUNDDOWN(N($E57)*Paramètres!$C$17,0),Paramètres!$D$17) -> 23567 | H57: =MIN(ROUNDDOWN(N($E57)*Paramètres!$C$18,0),Paramètres!$D$18) -> 23567 | I57: =N($E57)-(F57+G57+H57) -> 349221 | J57: 0 | K57: =IF(I57<Paramètres!$C$11,"Cadre inférieur","Cadre supérieur") -> Cadre supérieur | L57: =MIN(F57,MIN(N($E57)*Paramètres!$C$16,Paramètres!$D$16))+MIN(G57,MIN(N($E57)*Paramètres!$C$17,Paramètres!$D$17))+MIN(H57,MIN(N($E57)*Paramètres!$C$18,Paramètres!$D$18)) -> 122134 | M57: =MIN(N($E57),Paramètres!$C$7)*Paramètres!$C$6 -> 25924.525 | N57: =MIN(M57,I57*Paramètres!$C$8) -> 25924.525 | O57: =I57*IF(K57="Cadre supérieur",Paramètres!$C$10,Paramètres!$C$9) -> 69844.2 | P57: =MAX(0,ROUNDDOWN(N($E57)-L57-N57-O57,-2)) -> 253400 | Q57: =SUMPRODUCT((P57>Paramètres!$B$21:$B$27)*(P57-Paramètres!$B$21:$B$27)*Paramètres!$E$21:$E$27) -> 40280 | R57: =Q57*INDEX(Paramètres!$C$31:$C$38,MIN(MAX(INT(N(J57)),0),7)+1) -> 0 | S57: =ROUND(Q57-R57,0) -> 40280 | T57: =ROUND(N($E57)*Paramètres!$C$13,0) -> 14141 | U57: =ROUND(MAX(0,N($E57)-(Q57-R57)-M57)*Paramètres!$C$12,0) -> 4052 | V57: =ROUND(N($E57)-M57-S57-U57,0) -> 401098
B58: 49 | C58: OUEDRAOGO Micailou | D58: 45778 | E58: ='Juill-aout-sept 2026'!E56 -> 213563 | F58: =MIN(ROUNDDOWN(N($E58)*Paramètres!$C$16,0),Paramètres!$D$16) -> 42712 | G58: =MIN(ROUNDDOWN(N($E58)*Paramètres!$C$17,0),Paramètres!$D$17) -> 10678 | H58: =MIN(ROUNDDOWN(N($E58)*Paramètres!$C$18,0),Paramètres!$D$18) -> 10678 | I58: =N($E58)-(F58+G58+H58) -> 149495 | J58: 0 | K58: =IF(I58<Paramètres!$C$11,"Cadre inférieur","Cadre supérieur") -> Cadre inférieur | L58: =MIN(F58,MIN(N($E58)*Paramètres!$C$16,Paramètres!$D$16))+MIN(G58,MIN(N($E58)*Paramètres!$C$17,Paramètres!$D$17))+MIN(H58,MIN(N($E58)*Paramètres!$C$18,Paramètres!$D$18)) -> 64068 | M58: =MIN(N($E58),Paramètres!$C$7)*Paramètres!$C$6 -> 11745.965 | N58: =MIN(M58,I58*Paramètres!$C$8) -> 11745.965 | O58: =I58*IF(K58="Cadre supérieur",Paramètres!$C$10,Paramètres!$C$9) -> 37373.75 | P58: =MAX(0,ROUNDDOWN(N($E58)-L58-N58-O58,-2)) -> 100300 | Q58: =SUMPRODUCT((P58>Paramètres!$B$21:$B$27)*(P58-Paramètres!$B$21:$B$27)*Paramètres!$E$21:$E$27) -> 9777.1 | R58: =Q58*INDEX(Paramètres!$C$31:$C$38,MIN(MAX(INT(N(J58)),0),7)+1) -> 0 | S58: =ROUND(Q58-R58,0) -> 9777 | T58: =ROUND(N($E58)*Paramètres!$C$13,0) -> 6407 | U58: =ROUND(MAX(0,N($E58)-(Q58-R58)-M58)*Paramètres!$C$12,0) -> 1920 | V58: =ROUND(N($E58)-M58-S58-U58,0) -> 190120
B59: 50 | C59: OUEDRAOGO Mohamed | D59: 45778 | E59: ='Juill-aout-sept 2026'!E57 -> 213563 | F59: =MIN(ROUNDDOWN(N($E59)*Paramètres!$C$16,0),Paramètres!$D$16) -> 42712 | G59: =MIN(ROUNDDOWN(N($E59)*Paramètres!$C$17,0),Paramètres!$D$17) -> 10678 | H59: =MIN(ROUNDDOWN(N($E59)*Paramètres!$C$18,0),Paramètres!$D$18) -> 10678 | I59: =N($E59)-(F59+G59+H59) -> 149495 | J59: 0 | K59: =IF(I59<Paramètres!$C$11,"Cadre inférieur","Cadre supérieur") -> Cadre inférieur | L59: =MIN(F59,MIN(N($E59)*Paramètres!$C$16,Paramètres!$D$16))+MIN(G59,MIN(N($E59)*Paramètres!$C$17,Paramètres!$D$17))+MIN(H59,MIN(N($E59)*Paramètres!$C$18,Paramètres!$D$18)) -> 64068 | M59: =MIN(N($E59),Paramètres!$C$7)*Paramètres!$C$6 -> 11745.965 | N59: =MIN(M59,I59*Paramètres!$C$8) -> 11745.965 | O59: =I59*IF(K59="Cadre supérieur",Paramètres!$C$10,Paramètres!$C$9) -> 37373.75 | P59: =MAX(0,ROUNDDOWN(N($E59)-L59-N59-O59,-2)) -> 100300 | Q59: =SUMPRODUCT((P59>Paramètres!$B$21:$B$27)*(P59-Paramètres!$B$21:$B$27)*Paramètres!$E$21:$E$27) -> 9777.1 | R59: =Q59*INDEX(Paramètres!$C$31:$C$38,MIN(MAX(INT(N(J59)),0),7)+1) -> 0 | S59: =ROUND(Q59-R59,0) -> 9777 | T59: =ROUND(N($E59)*Paramètres!$C$13,0) -> 6407 | U59: =ROUND(MAX(0,N($E59)-(Q59-R59)-M59)*Paramètres!$C$12,0) -> 1920 | V59: =ROUND(N($E59)-M59-S59-U59,0) -> 190120
C60: OUEDRAOGO Moustapha | E60: ='Juill-aout-sept 2026'!E58 -> 0 | F60: =MIN(ROUNDDOWN(N($E60)*Paramètres!$C$16,0),Paramètres!$D$16) -> 0 | G60: =MIN(ROUNDDOWN(N($E60)*Paramètres!$C$17,0),Paramètres!$D$17) -> 0 | H60: =MIN(ROUNDDOWN(N($E60)*Paramètres!$C$18,0),Paramètres!$D$18) -> 0 | I60: =N($E60)-(F60+G60+H60) -> 0 | J60: 0 | K60: =IF(I60<Paramètres!$C$11,"Cadre inférieur","Cadre supérieur") -> Cadre inférieur | L60: =MIN(F60,MIN(N($E60)*Paramètres!$C$16,Paramètres!$D$16))+MIN(G60,MIN(N($E60)*Paramètres!$C$17,Paramètres!$D$17))+MIN(H60,MIN(N($E60)*Paramètres!$C$18,Paramètres!$D$18)) -> 0 | M60: =MIN(N($E60),Paramètres!$C$7)*Paramètres!$C$6 -> 0 | N60: =MIN(M60,I60*Paramètres!$C$8) -> 0 | O60: =I60*IF(K60="Cadre supérieur",Paramètres!$C$10,Paramètres!$C$9) -> 0 | P60: =MAX(0,ROUNDDOWN(N($E60)-L60-N60-O60,-2)) -> 0 | Q60: =SUMPRODUCT((P60>Paramètres!$B$21:$B$27)*(P60-Paramètres!$B$21:$B$27)*Paramètres!$E$21:$E$27) -> 0 | R60: =Q60*INDEX(Paramètres!$C$31:$C$38,MIN(MAX(INT(N(J60)),0),7)+1) -> 0 | S60: =ROUND(Q60-R60,0) -> 0 | T60: =ROUND(N($E60)*Paramètres!$C$13,0) -> 0 | U60: =ROUND(MAX(0,N($E60)-(Q60-R60)-M60)*Paramètres!$C$12,0) -> 0 | V60: =ROUND(N($E60)-M60-S60-U60,0) -> 0
B61: 51 | C61: OUEDRAOGO Ousseni | D61: 45778 | E61: ='Juill-aout-sept 2026'!E59 -> 213566 | F61: =MIN(ROUNDDOWN(N($E61)*Paramètres!$C$16,0),Paramètres!$D$16) -> 42713 | G61: =MIN(ROUNDDOWN(N($E61)*Paramètres!$C$17,0),Paramètres!$D$17) -> 10678 | H61: =MIN(ROUNDDOWN(N($E61)*Paramètres!$C$18,0),Paramètres!$D$18) -> 10678 | I61: =N($E61)-(F61+G61+H61) -> 149497 | J61: 0 | K61: =IF(I61<Paramètres!$C$11,"Cadre inférieur","Cadre supérieur") -> Cadre inférieur | L61: =MIN(F61,MIN(N($E61)*Paramètres!$C$16,Paramètres!$D$16))+MIN(G61,MIN(N($E61)*Paramètres!$C$17,Paramètres!$D$17))+MIN(H61,MIN(N($E61)*Paramètres!$C$18,Paramètres!$D$18)) -> 64069 | M61: =MIN(N($E61),Paramètres!$C$7)*Paramètres!$C$6 -> 11746.13 | N61: =MIN(M61,I61*Paramètres!$C$8) -> 11746.13 | O61: =I61*IF(K61="Cadre supérieur",Paramètres!$C$10,Paramètres!$C$9) -> 37374.25 | P61: =MAX(0,ROUNDDOWN(N($E61)-L61-N61-O61,-2)) -> 100300 | Q61: =SUMPRODUCT((P61>Paramètres!$B$21:$B$27)*(P61-Paramètres!$B$21:$B$27)*Paramètres!$E$21:$E$27) -> 9777.1 | R61: =Q61*INDEX(Paramètres!$C$31:$C$38,MIN(MAX(INT(N(J61)),0),7)+1) -> 0 | S61: =ROUND(Q61-R61,0) -> 9777 | T61: =ROUND(N($E61)*Paramètres!$C$13,0) -> 6407 | U61: =ROUND(MAX(0,N($E61)-(Q61-R61)-M61)*Paramètres!$C$12,0) -> 1920 | V61: =ROUND(N($E61)-M61-S61-U61,0) -> 190123
B62: 52 | C62: OUEDRAOGO Raogo G. Fernand | D62: 46235 | E62: ='Juill-aout-sept 2026'!E60 -> 0 | F62: =MIN(ROUNDDOWN(N($E62)*Paramètres!$C$16,0),Paramètres!$D$16) -> 0 | G62: =MIN(ROUNDDOWN(N($E62)*Paramètres!$C$17,0),Paramètres!$D$17) -> 0 | H62: =MIN(ROUNDDOWN(N($E62)*Paramètres!$C$18,0),Paramètres!$D$18) -> 0 | I62: =N($E62)-(F62+G62+H62) -> 0 | J62: 0 | K62: =IF(I62<Paramètres!$C$11,"Cadre inférieur","Cadre supérieur") -> Cadre inférieur | L62: =MIN(F62,MIN(N($E62)*Paramètres!$C$16,Paramètres!$D$16))+MIN(G62,MIN(N($E62)*Paramètres!$C$17,Paramètres!$D$17))+MIN(H62,MIN(N($E62)*Paramètres!$C$18,Paramètres!$D$18)) -> 0 | M62: =MIN(N($E62),Paramètres!$C$7)*Paramètres!$C$6 -> 0 | N62: =MIN(M62,I62*Paramètres!$C$8) -> 0 | O62: =I62*IF(K62="Cadre supérieur",Paramètres!$C$10,Paramètres!$C$9) -> 0 | P62: =MAX(0,ROUNDDOWN(N($E62)-L62-N62-O62,-2)) -> 0 | Q62: =SUMPRODUCT((P62>Paramètres!$B$21:$B$27)*(P62-Paramètres!$B$21:$B$27)*Paramètres!$E$21:$E$27) -> 0 | R62: =Q62*INDEX(Paramètres!$C$31:$C$38,MIN(MAX(INT(N(J62)),0),7)+1) -> 0 | S62: =ROUND(Q62-R62,0) -> 0 | T62: =ROUND(N($E62)*Paramètres!$C$13,0) -> 0 | U62: =ROUND(MAX(0,N($E62)-(Q62-R62)-M62)*Paramètres!$C$12,0) -> 0 | V62: =ROUND(N($E62)-M62-S62-U62,0) -> 0
B63: 53 | C63: OUEDRAOGO Réné | D63: 46175 | E63: ='Juill-aout-sept 2026'!E61 -> 177387 | F63: =MIN(ROUNDDOWN(N($E63)*Paramètres!$C$16,0),Paramètres!$D$16) -> 35477 | G63: =MIN(ROUNDDOWN(N($E63)*Paramètres!$C$17,0),Paramètres!$D$17) -> 8869 | H63: =MIN(ROUNDDOWN(N($E63)*Paramètres!$C$18,0),Paramètres!$D$18) -> 8869 | I63: =N($E63)-(F63+G63+H63) -> 124172 | J63: 0 | K63: =IF(I63<Paramètres!$C$11,"Cadre inférieur","Cadre supérieur") -> Cadre inférieur | L63: =MIN(F63,MIN(N($E63)*Paramètres!$C$16,Paramètres!$D$16))+MIN(G63,MIN(N($E63)*Paramètres!$C$17,Paramètres!$D$17))+MIN(H63,MIN(N($E63)*Paramètres!$C$18,Paramètres!$D$18)) -> 53215 | M63: =MIN(N($E63),Paramètres!$C$7)*Paramètres!$C$6 -> 9756.285 | N63: =MIN(M63,I63*Paramètres!$C$8) -> 9756.285 | O63: =I63*IF(K63="Cadre supérieur",Paramètres!$C$10,Paramètres!$C$9) -> 31043 | P63: =MAX(0,ROUNDDOWN(N($E63)-L63-N63-O63,-2)) -> 83300 | Q63: =SUMPRODUCT((P63>Paramètres!$B$21:$B$27)*(P63-Paramètres!$B$21:$B$27)*Paramètres!$E$21:$E$27) -> 7108.1 | R63: =Q63*INDEX(Paramètres!$C$31:$C$38,MIN(MAX(INT(N(J63)),0),7)+1) -> 0 | S63: =ROUND(Q63-R63,0) -> 7108 | T63: =ROUND(N($E63)*Paramètres!$C$13,0) -> 5322 | U63: =ROUND(MAX(0,N($E63)-(Q63-R63)-M63)*Paramètres!$C$12,0) -> 1605 | V63: =ROUND(N($E63)-M63-S63-U63,0) -> 158918
B64: 54 | C64: OUEDRAOGO Sebastien | D64: 45901 | E64: ='Juill-aout-sept 2026'!E62 -> 213566 | F64: =MIN(ROUNDDOWN(N($E64)*Paramètres!$C$16,0),Paramètres!$D$16) -> 42713 | G64: =MIN(ROUNDDOWN(N($E64)*Paramètres!$C$17,0),Paramètres!$D$17) -> 10678 | H64: =MIN(ROUNDDOWN(N($E64)*Paramètres!$C$18,0),Paramètres!$D$18) -> 10678 | I64: =N($E64)-(F64+G64+H64) -> 149497 | J64: 0 | K64: =IF(I64<Paramètres!$C$11,"Cadre inférieur","Cadre supérieur") -> Cadre inférieur | L64: =MIN(F64,MIN(N($E64)*Paramètres!$C$16,Paramètres!$D$16))+MIN(G64,MIN(N($E64)*Paramètres!$C$17,Paramètres!$D$17))+MIN(H64,MIN(N($E64)*Paramètres!$C$18,Paramètres!$D$18)) -> 64069 | M64: =MIN(N($E64),Paramètres!$C$7)*Paramètres!$C$6 -> 11746.13 | N64: =MIN(M64,I64*Paramètres!$C$8) -> 11746.13 | O64: =I64*IF(K64="Cadre supérieur",Paramètres!$C$10,Paramètres!$C$9) -> 37374.25 | P64: =MAX(0,ROUNDDOWN(N($E64)-L64-N64-O64,-2)) -> 100300 | Q64: =SUMPRODUCT((P64>Paramètres!$B$21:$B$27)*(P64-Paramètres!$B$21:$B$27)*Paramètres!$E$21:$E$27) -> 9777.1 | R64: =Q64*INDEX(Paramètres!$C$31:$C$38,MIN(MAX(INT(N(J64)),0),7)+1) -> 0 | S64: =ROUND(Q64-R64,0) -> 9777 | T64: =ROUND(N($E64)*Paramètres!$C$13,0) -> 6407 | U64: =ROUND(MAX(0,N($E64)-(Q64-R64)-M64)*Paramètres!$C$12,0) -> 1920 | V64: =ROUND(N($E64)-M64-S64-U64,0) -> 190123
B65: 56 | C65: OUEDRAOGO Souleymane | D65: 45802 | E65: ='Juill-aout-sept 2026'!E63 -> 177387 | F65: =MIN(ROUNDDOWN(N($E65)*Paramètres!$C$16,0),Paramètres!$D$16) -> 35477 | G65: =MIN(ROUNDDOWN(N($E65)*Paramètres!$C$17,0),Paramètres!$D$17) -> 8869 | H65: =MIN(ROUNDDOWN(N($E65)*Paramètres!$C$18,0),Paramètres!$D$18) -> 8869 | I65: =N($E65)-(F65+G65+H65) -> 124172 | J65: 0 | K65: =IF(I65<Paramètres!$C$11,"Cadre inférieur","Cadre supérieur") -> Cadre inférieur | L65: =MIN(F65,MIN(N($E65)*Paramètres!$C$16,Paramètres!$D$16))+MIN(G65,MIN(N($E65)*Paramètres!$C$17,Paramètres!$D$17))+MIN(H65,MIN(N($E65)*Paramètres!$C$18,Paramètres!$D$18)) -> 53215 | M65: =MIN(N($E65),Paramètres!$C$7)*Paramètres!$C$6 -> 9756.285 | N65: =MIN(M65,I65*Paramètres!$C$8) -> 9756.285 | O65: =I65*IF(K65="Cadre supérieur",Paramètres!$C$10,Paramètres!$C$9) -> 31043 | P65: =MAX(0,ROUNDDOWN(N($E65)-L65-N65-O65,-2)) -> 83300 | Q65: =SUMPRODUCT((P65>Paramètres!$B$21:$B$27)*(P65-Paramètres!$B$21:$B$27)*Paramètres!$E$21:$E$27) -> 7108.1 | R65: =Q65*INDEX(Paramètres!$C$31:$C$38,MIN(MAX(INT(N(J65)),0),7)+1) -> 0 | S65: =ROUND(Q65-R65,0) -> 7108 | T65: =ROUND(N($E65)*Paramètres!$C$13,0) -> 5322 | U65: =ROUND(MAX(0,N($E65)-(Q65-R65)-M65)*Paramètres!$C$12,0) -> 1605 | V65: =ROUND(N($E65)-M65-S65-U65,0) -> 158918
C66: OUEDRAOGO Souleymane | E66: ='Juill-aout-sept 2026'!E64 -> 0 | F66: =MIN(ROUNDDOWN(N($E66)*Paramètres!$C$16,0),Paramètres!$D$16) -> 0 | G66: =MIN(ROUNDDOWN(N($E66)*Paramètres!$C$17,0),Paramètres!$D$17) -> 0 | H66: =MIN(ROUNDDOWN(N($E66)*Paramètres!$C$18,0),Paramètres!$D$18) -> 0 | I66: =N($E66)-(F66+G66+H66) -> 0 | J66: 0 | K66: =IF(I66<Paramètres!$C$11,"Cadre inférieur","Cadre supérieur") -> Cadre inférieur | L66: =MIN(F66,MIN(N($E66)*Paramètres!$C$16,Paramètres!$D$16))+MIN(G66,MIN(N($E66)*Paramètres!$C$17,Paramètres!$D$17))+MIN(H66,MIN(N($E66)*Paramètres!$C$18,Paramètres!$D$18)) -> 0 | M66: =MIN(N($E66),Paramètres!$C$7)*Paramètres!$C$6 -> 0 | N66: =MIN(M66,I66*Paramètres!$C$8) -> 0 | O66: =I66*IF(K66="Cadre supérieur",Paramètres!$C$10,Paramètres!$C$9) -> 0 | P66: =MAX(0,ROUNDDOWN(N($E66)-L66-N66-O66,-2)) -> 0 | Q66: =SUMPRODUCT((P66>Paramètres!$B$21:$B$27)*(P66-Paramètres!$B$21:$B$27)*Paramètres!$E$21:$E$27) -> 0 | R66: =Q66*INDEX(Paramètres!$C$31:$C$38,MIN(MAX(INT(N(J66)),0),7)+1) -> 0 | S66: =ROUND(Q66-R66,0) -> 0 | T66: =ROUND(N($E66)*Paramètres!$C$13,0) -> 0 | U66: =ROUND(MAX(0,N($E66)-(Q66-R66)-M66)*Paramètres!$C$12,0) -> 0 | V66: =ROUND(N($E66)-M66-S66-U66,0) -> 0
C67: OUEDRAOGO T. Issaka | E67: ='Juill-aout-sept 2026'!E65 -> 0 | F67: =MIN(ROUNDDOWN(N($E67)*Paramètres!$C$16,0),Paramètres!$D$16) -> 0 | G67: =MIN(ROUNDDOWN(N($E67)*Paramètres!$C$17,0),Paramètres!$D$17) -> 0 | H67: =MIN(ROUNDDOWN(N($E67)*Paramètres!$C$18,0),Paramètres!$D$18) -> 0 | I67: =N($E67)-(F67+G67+H67) -> 0 | J67: 0 | K67: =IF(I67<Paramètres!$C$11,"Cadre inférieur","Cadre supérieur") -> Cadre inférieur | L67: =MIN(F67,MIN(N($E67)*Paramètres!$C$16,Paramètres!$D$16))+MIN(G67,MIN(N($E67)*Paramètres!$C$17,Paramètres!$D$17))+MIN(H67,MIN(N($E67)*Paramètres!$C$18,Paramètres!$D$18)) -> 0 | M67: =MIN(N($E67),Paramètres!$C$7)*Paramètres!$C$6 -> 0 | N67: =MIN(M67,I67*Paramètres!$C$8) -> 0 | O67: =I67*IF(K67="Cadre supérieur",Paramètres!$C$10,Paramètres!$C$9) -> 0 | P67: =MAX(0,ROUNDDOWN(N($E67)-L67-N67-O67,-2)) -> 0 | Q67: =SUMPRODUCT((P67>Paramètres!$B$21:$B$27)*(P67-Paramètres!$B$21:$B$27)*Paramètres!$E$21:$E$27) -> 0 | R67: =Q67*INDEX(Paramètres!$C$31:$C$38,MIN(MAX(INT(N(J67)),0),7)+1) -> 0 | S67: =ROUND(Q67-R67,0) -> 0 | T67: =ROUND(N($E67)*Paramètres!$C$13,0) -> 0 | U67: =ROUND(MAX(0,N($E67)-(Q67-R67)-M67)*Paramètres!$C$12,0) -> 0 | V67: =ROUND(N($E67)-M67-S67-U67,0) -> 0
B68: 57 | C68: RABO Abdoul Razack | D68: 45930 | E68: ='Juill-aout-sept 2026'!E66 -> 471355 | F68: =MIN(ROUNDDOWN(N($E68)*Paramètres!$C$16,0),Paramètres!$D$16) -> 75000 | G68: =MIN(ROUNDDOWN(N($E68)*Paramètres!$C$17,0),Paramètres!$D$17) -> 23567 | H68: =MIN(ROUNDDOWN(N($E68)*Paramètres!$C$18,0),Paramètres!$D$18) -> 23567 | I68: =N($E68)-(F68+G68+H68) -> 349221 | J68: 0 | K68: =IF(I68<Paramètres!$C$11,"Cadre inférieur","Cadre supérieur") -> Cadre supérieur | L68: =MIN(F68,MIN(N($E68)*Paramètres!$C$16,Paramètres!$D$16))+MIN(G68,MIN(N($E68)*Paramètres!$C$17,Paramètres!$D$17))+MIN(H68,MIN(N($E68)*Paramètres!$C$18,Paramètres!$D$18)) -> 122134 | M68: =MIN(N($E68),Paramètres!$C$7)*Paramètres!$C$6 -> 25924.525 | N68: =MIN(M68,I68*Paramètres!$C$8) -> 25924.525 | O68: =I68*IF(K68="Cadre supérieur",Paramètres!$C$10,Paramètres!$C$9) -> 69844.2 | P68: =MAX(0,ROUNDDOWN(N($E68)-L68-N68-O68,-2)) -> 253400 | Q68: =SUMPRODUCT((P68>Paramètres!$B$21:$B$27)*(P68-Paramètres!$B$21:$B$27)*Paramètres!$E$21:$E$27) -> 40280 | R68: =Q68*INDEX(Paramètres!$C$31:$C$38,MIN(MAX(INT(N(J68)),0),7)+1) -> 0 | S68: =ROUND(Q68-R68,0) -> 40280 | T68: =ROUND(N($E68)*Paramètres!$C$13,0) -> 14141 | U68: =ROUND(MAX(0,N($E68)-(Q68-R68)-M68)*Paramètres!$C$12,0) -> 4052 | V68: =ROUND(N($E68)-M68-S68-U68,0) -> 401098
B69: 58 | C69: SABO Daouda | D69: 45778 | E69: ='Juill-aout-sept 2026'!E67 -> 231913 | F69: =MIN(ROUNDDOWN(N($E69)*Paramètres!$C$16,0),Paramètres!$D$16) -> 46382 | G69: =MIN(ROUNDDOWN(N($E69)*Paramètres!$C$17,0),Paramètres!$D$17) -> 11595 | H69: =MIN(ROUNDDOWN(N($E69)*Paramètres!$C$18,0),Paramètres!$D$18) -> 11595 | I69: =N($E69)-(F69+G69+H69) -> 162341 | J69: 0 | K69: =IF(I69<Paramètres!$C$11,"Cadre inférieur","Cadre supérieur") -> Cadre supérieur | L69: =MIN(F69,MIN(N($E69)*Paramètres!$C$16,Paramètres!$D$16))+MIN(G69,MIN(N($E69)*Paramètres!$C$17,Paramètres!$D$17))+MIN(H69,MIN(N($E69)*Paramètres!$C$18,Paramètres!$D$18)) -> 69572 | M69: =MIN(N($E69),Paramètres!$C$7)*Paramètres!$C$6 -> 12755.215 | N69: =MIN(M69,I69*Paramètres!$C$8) -> 12755.215 | O69: =I69*IF(K69="Cadre supérieur",Paramètres!$C$10,Paramètres!$C$9) -> 32468.2 | P69: =MAX(0,ROUNDDOWN(N($E69)-L69-N69-O69,-2)) -> 117100 | Q69: =SUMPRODUCT((P69>Paramètres!$B$21:$B$27)*(P69-Paramètres!$B$21:$B$27)*Paramètres!$E$21:$E$27) -> 12414.7 | R69: =Q69*INDEX(Paramètres!$C$31:$C$38,MIN(MAX(INT(N(J69)),0),7)+1) -> 0 | S69: =ROUND(Q69-R69,0) -> 12415 | T69: =ROUND(N($E69)*Paramètres!$C$13,0) -> 6957 | U69: =ROUND(MAX(0,N($E69)-(Q69-R69)-M69)*Paramètres!$C$12,0) -> 2067 | V69: =ROUND(N($E69)-M69-S69-U69,0) -> 204676
B70: 59 | C70: SALO Arouna | D70: 45778 | E70: ='Juill-aout-sept 2026'!E68 -> 213566 | F70: =MIN(ROUNDDOWN(N($E70)*Paramètres!$C$16,0),Paramètres!$D$16) -> 42713 | G70: =MIN(ROUNDDOWN(N($E70)*Paramètres!$C$17,0),Paramètres!$D$17) -> 10678 | H70: =MIN(ROUNDDOWN(N($E70)*Paramètres!$C$18,0),Paramètres!$D$18) -> 10678 | I70: =N($E70)-(F70+G70+H70) -> 149497 | J70: 0 | K70: =IF(I70<Paramètres!$C$11,"Cadre inférieur","Cadre supérieur") -> Cadre inférieur | L70: =MIN(F70,MIN(N($E70)*Paramètres!$C$16,Paramètres!$D$16))+MIN(G70,MIN(N($E70)*Paramètres!$C$17,Paramètres!$D$17))+MIN(H70,MIN(N($E70)*Paramètres!$C$18,Paramètres!$D$18)) -> 64069 | M70: =MIN(N($E70),Paramètres!$C$7)*Paramètres!$C$6 -> 11746.13 | N70: =MIN(M70,I70*Paramètres!$C$8) -> 11746.13 | O70: =I70*IF(K70="Cadre supérieur",Paramètres!$C$10,Paramètres!$C$9) -> 37374.25 | P70: =MAX(0,ROUNDDOWN(N($E70)-L70-N70-O70,-2)) -> 100300 | Q70: =SUMPRODUCT((P70>Paramètres!$B$21:$B$27)*(P70-Paramètres!$B$21:$B$27)*Paramètres!$E$21:$E$27) -> 9777.1 | R70: =Q70*INDEX(Paramètres!$C$31:$C$38,MIN(MAX(INT(N(J70)),0),7)+1) -> 0 | S70: =ROUND(Q70-R70,0) -> 9777 | T70: =ROUND(N($E70)*Paramètres!$C$13,0) -> 6407 | U70: =ROUND(MAX(0,N($E70)-(Q70-R70)-M70)*Paramètres!$C$12,0) -> 1920 | V70: =ROUND(N($E70)-M70-S70-U70,0) -> 190123
B71: 60 | C71: SANA Mahamadi | D71: 45778 | E71: ='Juill-aout-sept 2026'!E69 -> 213566 | F71: =MIN(ROUNDDOWN(N($E71)*Paramètres!$C$16,0),Paramètres!$D$16) -> 42713 | G71: =MIN(ROUNDDOWN(N($E71)*Paramètres!$C$17,0),Paramètres!$D$17) -> 10678 | H71: =MIN(ROUNDDOWN(N($E71)*Paramètres!$C$18,0),Paramètres!$D$18) -> 10678 | I71: =N($E71)-(F71+G71+H71) -> 149497 | J71: 0 | K71: =IF(I71<Paramètres!$C$11,"Cadre inférieur","Cadre supérieur") -> Cadre inférieur | L71: =MIN(F71,MIN(N($E71)*Paramètres!$C$16,Paramètres!$D$16))+MIN(G71,MIN(N($E71)*Paramètres!$C$17,Paramètres!$D$17))+MIN(H71,MIN(N($E71)*Paramètres!$C$18,Paramètres!$D$18)) -> 64069 | M71: =MIN(N($E71),Paramètres!$C$7)*Paramètres!$C$6 -> 11746.13 | N71: =MIN(M71,I71*Paramètres!$C$8) -> 11746.13 | O71: =I71*IF(K71="Cadre supérieur",Paramètres!$C$10,Paramètres!$C$9) -> 37374.25 | P71: =MAX(0,ROUNDDOWN(N($E71)-L71-N71-O71,-2)) -> 100300 | Q71: =SUMPRODUCT((P71>Paramètres!$B$21:$B$27)*(P71-Paramètres!$B$21:$B$27)*Paramètres!$E$21:$E$27) -> 9777.1 | R71: =Q71*INDEX(Paramètres!$C$31:$C$38,MIN(MAX(INT(N(J71)),0),7)+1) -> 0 | S71: =ROUND(Q71-R71,0) -> 9777 | T71: =ROUND(N($E71)*Paramètres!$C$13,0) -> 6407 | U71: =ROUND(MAX(0,N($E71)-(Q71-R71)-M71)*Paramètres!$C$12,0) -> 1920 | V71: =ROUND(N($E71)-M71-S71-U71,0) -> 190123
B72: 61 | C72: SANFO Aziz | D72: 45806 | E72: ='Juill-aout-sept 2026'!E70 -> 135983 | F72: =MIN(ROUNDDOWN(N($E72)*Paramètres!$C$16,0),Paramètres!$D$16) -> 27196 | G72: =MIN(ROUNDDOWN(N($E72)*Paramètres!$C$17,0),Paramètres!$D$17) -> 6799 | H72: =MIN(ROUNDDOWN(N($E72)*Paramètres!$C$18,0),Paramètres!$D$18) -> 6799 | I72: =N($E72)-(F72+G72+H72) -> 95189 | J72: 0 | K72: =IF(I72<Paramètres!$C$11,"Cadre inférieur","Cadre supérieur") -> Cadre inférieur | L72: =MIN(F72,MIN(N($E72)*Paramètres!$C$16,Paramètres!$D$16))+MIN(G72,MIN(N($E72)*Paramètres!$C$17,Paramètres!$D$17))+MIN(H72,MIN(N($E72)*Paramètres!$C$18,Paramètres!$D$18)) -> 40794 | M72: =MIN(N($E72),Paramètres!$C$7)*Paramètres!$C$6 -> 7479.065 | N72: =MIN(M72,I72*Paramètres!$C$8) -> 7479.065 | O72: =I72*IF(K72="Cadre supérieur",Paramètres!$C$10,Paramètres!$C$9) -> 23797.25 | P72: =MAX(0,ROUNDDOWN(N($E72)-L72-N72-O72,-2)) -> 63900 | Q72: =SUMPRODUCT((P72>Paramètres!$B$21:$B$27)*(P72-Paramètres!$B$21:$B$27)*Paramètres!$E$21:$E$27) -> 4352.1 | R72: =Q72*INDEX(Paramètres!$C$31:$C$38,MIN(MAX(INT(N(J72)),0),7)+1) -> 0 | S72: =ROUND(Q72-R72,0) -> 4352 | T72: =ROUND(N($E72)*Paramètres!$C$13,0) -> 4079 | U72: =ROUND(MAX(0,N($E72)-(Q72-R72)-M72)*Paramètres!$C$12,0) -> 1242 | V72: =ROUND(N($E72)-M72-S72-U72,0) -> 122910
B73: 62 | C73: SANGA Boureima | D73: 46174 | E73: ='Juill-aout-sept 2026'!E71 -> 213563 | F73: =MIN(ROUNDDOWN(N($E73)*Paramètres!$C$16,0),Paramètres!$D$16) -> 42712 | G73: =MIN(ROUNDDOWN(N($E73)*Paramètres!$C$17,0),Paramètres!$D$17) -> 10678 | H73: =MIN(ROUNDDOWN(N($E73)*Paramètres!$C$18,0),Paramètres!$D$18) -> 10678 | I73: =N($E73)-(F73+G73+H73) -> 149495 | J73: 0 | K73: =IF(I73<Paramètres!$C$11,"Cadre inférieur","Cadre supérieur") -> Cadre inférieur | L73: =MIN(F73,MIN(N($E73)*Paramètres!$C$16,Paramètres!$D$16))+MIN(G73,MIN(N($E73)*Paramètres!$C$17,Paramètres!$D$17))+MIN(H73,MIN(N($E73)*Paramètres!$C$18,Paramètres!$D$18)) -> 64068 | M73: =MIN(N($E73),Paramètres!$C$7)*Paramètres!$C$6 -> 11745.965 | N73: =MIN(M73,I73*Paramètres!$C$8) -> 11745.965 | O73: =I73*IF(K73="Cadre supérieur",Paramètres!$C$10,Paramètres!$C$9) -> 37373.75 | P73: =MAX(0,ROUNDDOWN(N($E73)-L73-N73-O73,-2)) -> 100300 | Q73: =SUMPRODUCT((P73>Paramètres!$B$21:$B$27)*(P73-Paramètres!$B$21:$B$27)*Paramètres!$E$21:$E$27) -> 9777.1 | R73: =Q73*INDEX(Paramètres!$C$31:$C$38,MIN(MAX(INT(N(J73)),0),7)+1) -> 0 | S73: =ROUND(Q73-R73,0) -> 9777 | T73: =ROUND(N($E73)*Paramètres!$C$13,0) -> 6407 | U73: =ROUND(MAX(0,N($E73)-(Q73-R73)-M73)*Paramètres!$C$12,0) -> 1920 | V73: =ROUND(N($E73)-M73-S73-U73,0) -> 190120
B74: 63 | C74: SAWADOGO Faissal | D74: 45930 | E74: ='Juill-aout-sept 2026'!E72 -> 165340 | F74: =MIN(ROUNDDOWN(N($E74)*Paramètres!$C$16,0),Paramètres!$D$16) -> 33068 | G74: =MIN(ROUNDDOWN(N($E74)*Paramètres!$C$17,0),Paramètres!$D$17) -> 8267 | H74: =MIN(ROUNDDOWN(N($E74)*Paramètres!$C$18,0),Paramètres!$D$18) -> 8267 | I74: =N($E74)-(F74+G74+H74) -> 115738 | J74: 0 | K74: =IF(I74<Paramètres!$C$11,"Cadre inférieur","Cadre supérieur") -> Cadre inférieur | L74: =MIN(F74,MIN(N($E74)*Paramètres!$C$16,Paramètres!$D$16))+MIN(G74,MIN(N($E74)*Paramètres!$C$17,Paramètres!$D$17))+MIN(H74,MIN(N($E74)*Paramètres!$C$18,Paramètres!$D$18)) -> 49602 | M74: =MIN(N($E74),Paramètres!$C$7)*Paramètres!$C$6 -> 9093.7 | N74: =MIN(M74,I74*Paramètres!$C$8) -> 9093.7 | O74: =I74*IF(K74="Cadre supérieur",Paramètres!$C$10,Paramètres!$C$9) -> 28934.5 | P74: =MAX(0,ROUNDDOWN(N($E74)-L74-N74-O74,-2)) -> 77700 | Q74: =SUMPRODUCT((P74>Paramètres!$B$21:$B$27)*(P74-Paramètres!$B$21:$B$27)*Paramètres!$E$21:$E$27) -> 6270.3 | R74: =Q74*INDEX(Paramètres!$C$31:$C$38,MIN(MAX(INT(N(J74)),0),7)+1) -> 0 | S74: =ROUND(Q74-R74,0) -> 6270 | T74: =ROUND(N($E74)*Paramètres!$C$13,0) -> 4960 | U74: =ROUND(MAX(0,N($E74)-(Q74-R74)-M74)*Paramètres!$C$12,0) -> 1500 | V74: =ROUND(N($E74)-M74-S74-U74,0) -> 148476
B75: 64 | C75: SAWADOGO Ibrahim | D75: 45912 | E75: ='Juill-aout-sept 2026'!E73 -> 213566 | F75: =MIN(ROUNDDOWN(N($E75)*Paramètres!$C$16,0),Paramètres!$D$16) -> 42713 | G75: =MIN(ROUNDDOWN(N($E75)*Paramètres!$C$17,0),Paramètres!$D$17) -> 10678 | H75: =MIN(ROUNDDOWN(N($E75)*Paramètres!$C$18,0),Paramètres!$D$18) -> 10678 | I75: =N($E75)-(F75+G75+H75) -> 149497 | J75: 0 | K75: =IF(I75<Paramètres!$C$11,"Cadre inférieur","Cadre supérieur") -> Cadre inférieur | L75: =MIN(F75,MIN(N($E75)*Paramètres!$C$16,Paramètres!$D$16))+MIN(G75,MIN(N($E75)*Paramètres!$C$17,Paramètres!$D$17))+MIN(H75,MIN(N($E75)*Paramètres!$C$18,Paramètres!$D$18)) -> 64069 | M75: =MIN(N($E75),Paramètres!$C$7)*Paramètres!$C$6 -> 11746.13 | N75: =MIN(M75,I75*Paramètres!$C$8) -> 11746.13 | O75: =I75*IF(K75="Cadre supérieur",Paramètres!$C$10,Paramètres!$C$9) -> 37374.25 | P75: =MAX(0,ROUNDDOWN(N($E75)-L75-N75-O75,-2)) -> 100300 | Q75: =SUMPRODUCT((P75>Paramètres!$B$21:$B$27)*(P75-Paramètres!$B$21:$B$27)*Paramètres!$E$21:$E$27) -> 9777.1 | R75: =Q75*INDEX(Paramètres!$C$31:$C$38,MIN(MAX(INT(N(J75)),0),7)+1) -> 0 | S75: =ROUND(Q75-R75,0) -> 9777 | T75: =ROUND(N($E75)*Paramètres!$C$13,0) -> 6407 | U75: =ROUND(MAX(0,N($E75)-(Q75-R75)-M75)*Paramètres!$C$12,0) -> 1920 | V75: =ROUND(N($E75)-M75-S75-U75,0) -> 190123
B76: 65 | C76: SAWADOGO Ousseni | D76: 46183 | E76: ='Juill-aout-sept 2026'!E74 -> 80000 | F76: =MIN(ROUNDDOWN(N($E76)*Paramètres!$C$16,0),Paramètres!$D$16) -> 16000 | G76: =MIN(ROUNDDOWN(N($E76)*Paramètres!$C$17,0),Paramètres!$D$17) -> 4000 | H76: =MIN(ROUNDDOWN(N($E76)*Paramètres!$C$18,0),Paramètres!$D$18) -> 4000 | I76: =N($E76)-(F76+G76+H76) -> 56000 | J76: 0 | K76: =IF(I76<Paramètres!$C$11,"Cadre inférieur","Cadre supérieur") -> Cadre inférieur | L76: =MIN(F76,MIN(N($E76)*Paramètres!$C$16,Paramètres!$D$16))+MIN(G76,MIN(N($E76)*Paramètres!$C$17,Paramètres!$D$17))+MIN(H76,MIN(N($E76)*Paramètres!$C$18,Paramètres!$D$18)) -> 24000 | M76: =MIN(N($E76),Paramètres!$C$7)*Paramètres!$C$6 -> 4400 | N76: =MIN(M76,I76*Paramètres!$C$8) -> 4400 | O76: =I76*IF(K76="Cadre supérieur",Paramètres!$C$10,Paramètres!$C$9) -> 14000 | P76: =MAX(0,ROUNDDOWN(N($E76)-L76-N76-O76,-2)) -> 37600 | Q76: =SUMPRODUCT((P76>Paramètres!$B$21:$B$27)*(P76-Paramètres!$B$21:$B$27)*Paramètres!$E$21:$E$27) -> 919.6 | R76: =Q76*INDEX(Paramètres!$C$31:$C$38,MIN(MAX(INT(N(J76)),0),7)+1) -> 0 | S76: =ROUND(Q76-R76,0) -> 920 | T76: =ROUND(N($E76)*Paramètres!$C$13,0) -> 2400 | U76: =ROUND(MAX(0,N($E76)-(Q76-R76)-M76)*Paramètres!$C$12,0) -> 747 | V76: =ROUND(N($E76)-M76-S76-U76,0) -> 73933
B77: 66 | C77: SEYNOU Cheick Omar | D77: 46023 | E77: ='Juill-aout-sept 2026'!E75 -> 135983 | F77: =MIN(ROUNDDOWN(N($E77)*Paramètres!$C$16,0),Paramètres!$D$16) -> 27196 | G77: =MIN(ROUNDDOWN(N($E77)*Paramètres!$C$17,0),Paramètres!$D$17) -> 6799 | H77: =MIN(ROUNDDOWN(N($E77)*Paramètres!$C$18,0),Paramètres!$D$18) -> 6799 | I77: =N($E77)-(F77+G77+H77) -> 95189 | J77: 0 | K77: =IF(I77<Paramètres!$C$11,"Cadre inférieur","Cadre supérieur") -> Cadre inférieur | L77: =MIN(F77,MIN(N($E77)*Paramètres!$C$16,Paramètres!$D$16))+MIN(G77,MIN(N($E77)*Paramètres!$C$17,Paramètres!$D$17))+MIN(H77,MIN(N($E77)*Paramètres!$C$18,Paramètres!$D$18)) -> 40794 | M77: =MIN(N($E77),Paramètres!$C$7)*Paramètres!$C$6 -> 7479.065 | N77: =MIN(M77,I77*Paramètres!$C$8) -> 7479.065 | O77: =I77*IF(K77="Cadre supérieur",Paramètres!$C$10,Paramètres!$C$9) -> 23797.25 | P77: =MAX(0,ROUNDDOWN(N($E77)-L77-N77-O77,-2)) -> 63900 | Q77: =SUMPRODUCT((P77>Paramètres!$B$21:$B$27)*(P77-Paramètres!$B$21:$B$27)*Paramètres!$E$21:$E$27) -> 4352.1 | R77: =Q77*INDEX(Paramètres!$C$31:$C$38,MIN(MAX(INT(N(J77)),0),7)+1) -> 0 | S77: =ROUND(Q77-R77,0) -> 4352 | T77: =ROUND(N($E77)*Paramètres!$C$13,0) -> 4079 | U77: =ROUND(MAX(0,N($E77)-(Q77-R77)-M77)*Paramètres!$C$12,0) -> 1242 | V77: =ROUND(N($E77)-M77-S77-U77,0) -> 122910
B78: 67 | C78: SOULAMA Bamassi | D78: 46204 | E78: ='Juill-aout-sept 2026'!E76 -> 0 | F78: =MIN(ROUNDDOWN(N($E78)*Paramètres!$C$16,0),Paramètres!$D$16) -> 0 | G78: =MIN(ROUNDDOWN(N($E78)*Paramètres!$C$17,0),Paramètres!$D$17) -> 0 | H78: =MIN(ROUNDDOWN(N($E78)*Paramètres!$C$18,0),Paramètres!$D$18) -> 0 | I78: =N($E78)-(F78+G78+H78) -> 0 | J78: 0 | K78: =IF(I78<Paramètres!$C$11,"Cadre inférieur","Cadre supérieur") -> Cadre inférieur | L78: =MIN(F78,MIN(N($E78)*Paramètres!$C$16,Paramètres!$D$16))+MIN(G78,MIN(N($E78)*Paramètres!$C$17,Paramètres!$D$17))+MIN(H78,MIN(N($E78)*Paramètres!$C$18,Paramètres!$D$18)) -> 0 | M78: =MIN(N($E78),Paramètres!$C$7)*Paramètres!$C$6 -> 0 | N78: =MIN(M78,I78*Paramètres!$C$8) -> 0 | O78: =I78*IF(K78="Cadre supérieur",Paramètres!$C$10,Paramètres!$C$9) -> 0 | P78: =MAX(0,ROUNDDOWN(N($E78)-L78-N78-O78,-2)) -> 0 | Q78: =SUMPRODUCT((P78>Paramètres!$B$21:$B$27)*(P78-Paramètres!$B$21:$B$27)*Paramètres!$E$21:$E$27) -> 0 | R78: =Q78*INDEX(Paramètres!$C$31:$C$38,MIN(MAX(INT(N(J78)),0),7)+1) -> 0 | S78: =ROUND(Q78-R78,0) -> 0 | T78: =ROUND(N($E78)*Paramètres!$C$13,0) -> 0 | U78: =ROUND(MAX(0,N($E78)-(Q78-R78)-M78)*Paramètres!$C$12,0) -> 0 | V78: =ROUND(N($E78)-M78-S78-U78,0) -> 0
B79: 68 | C79: TIENDREBEOGO Mohamed | D79: 45778 | E79: ='Juill-aout-sept 2026'!E77 -> 471355 | F79: =MIN(ROUNDDOWN(N($E79)*Paramètres!$C$16,0),Paramètres!$D$16) -> 75000 | G79: =MIN(ROUNDDOWN(N($E79)*Paramètres!$C$17,0),Paramètres!$D$17) -> 23567 | H79: =MIN(ROUNDDOWN(N($E79)*Paramètres!$C$18,0),Paramètres!$D$18) -> 23567 | I79: =N($E79)-(F79+G79+H79) -> 349221 | J79: 0 | K79: =IF(I79<Paramètres!$C$11,"Cadre inférieur","Cadre supérieur") -> Cadre supérieur | L79: =MIN(F79,MIN(N($E79)*Paramètres!$C$16,Paramètres!$D$16))+MIN(G79,MIN(N($E79)*Paramètres!$C$17,Paramètres!$D$17))+MIN(H79,MIN(N($E79)*Paramètres!$C$18,Paramètres!$D$18)) -> 122134 | M79: =MIN(N($E79),Paramètres!$C$7)*Paramètres!$C$6 -> 25924.525 | N79: =MIN(M79,I79*Paramètres!$C$8) -> 25924.525 | O79: =I79*IF(K79="Cadre supérieur",Paramètres!$C$10,Paramètres!$C$9) -> 69844.2 | P79: =MAX(0,ROUNDDOWN(N($E79)-L79-N79-O79,-2)) -> 253400 | Q79: =SUMPRODUCT((P79>Paramètres!$B$21:$B$27)*(P79-Paramètres!$B$21:$B$27)*Paramètres!$E$21:$E$27) -> 40280 | R79: =Q79*INDEX(Paramètres!$C$31:$C$38,MIN(MAX(INT(N(J79)),0),7)+1) -> 0 | S79: =ROUND(Q79-R79,0) -> 40280 | T79: =ROUND(N($E79)*Paramètres!$C$13,0) -> 14141 | U79: =ROUND(MAX(0,N($E79)-(Q79-R79)-M79)*Paramètres!$C$12,0) -> 4052 | V79: =ROUND(N($E79)-M79-S79-U79,0) -> 401098
... B89: 78 | C89: ZABRE D. Daouda | D89: 45901 | E89: ='Juill-aout-sept 2026'!E87 -> 213566 | F89: =MIN(ROUNDDOWN(N($E89)*Paramètres!$C$16,0),Paramètres!$D$16) -> 42713 | G89: =MIN(ROUNDDOWN(N($E89)*Paramètres!$C$17,0),Paramètres!$D$17) -> 10678 | H89: =MIN(ROUNDDOWN(N($E89)*Paramètres!$C$18,0),Paramètres!$D$18) -> 10678 | I89: =N($E89)-(F89+G89+H89) -> 149497 | J89: 0 | K89: =IF(I89<Paramètres!$C$11,"Cadre inférieur","Cadre supérieur") -> Cadre inférieur | L89: =MIN(F89,MIN(N($E89)*Paramètres!$C$16,Paramètres!$D$16))+MIN(G89,MIN(N($E89)*Paramètres!$C$17,Paramètres!$D$17))+MIN(H89,MIN(N($E89)*Paramètres!$C$18,Paramètres!$D$18)) -> 64069 | M89: =MIN(N($E89),Paramètres!$C$7)*Paramètres!$C$6 -> 11746.13 | N89: =MIN(M89,I89*Paramètres!$C$8) -> 11746.13 | O89: =I89*IF(K89="Cadre supérieur",Paramètres!$C$10,Paramètres!$C$9) -> 37374.25 | P89: =MAX(0,ROUNDDOWN(N($E89)-L89-N89-O89,-2)) -> 100300 | Q89: =SUMPRODUCT((P89>Paramètres!$B$21:$B$27)*(P89-Paramètres!$B$21:$B$27)*Paramètres!$E$21:$E$27) -> 9777.1 | R89: =Q89*INDEX(Paramètres!$C$31:$C$38,MIN(MAX(INT(N(J89)),0),7)+1) -> 0 | S89: =ROUND(Q89-R89,0) -> 9777 | T89: =ROUND(N($E89)*Paramètres!$C$13,0) -> 6407 | U89: =ROUND(MAX(0,N($E89)-(Q89-R89)-M89)*Paramètres!$C$12,0) -> 1920 | V89: =ROUND(N($E89)-M89-S89-U89,0) -> 190123
C90: ZERBO Ousmane | E90: ='Juill-aout-sept 2026'!E88 -> 135983 | F90: =MIN(ROUNDDOWN(N($E90)*Paramètres!$C$16,0),Paramètres!$D$16) -> 27196 | G90: =MIN(ROUNDDOWN(N($E90)*Paramètres!$C$17,0),Paramètres!$D$17) -> 6799 | H90: =MIN(ROUNDDOWN(N($E90)*Paramètres!$C$18,0),Paramètres!$D$18) -> 6799 | I90: =N($E90)-(F90+G90+H90) -> 95189 | J90: 0 | K90: =IF(I90<Paramètres!$C$11,"Cadre inférieur","Cadre supérieur") -> Cadre inférieur | L90: =MIN(F90,MIN(N($E90)*Paramètres!$C$16,Paramètres!$D$16))+MIN(G90,MIN(N($E90)*Paramètres!$C$17,Paramètres!$D$17))+MIN(H90,MIN(N($E90)*Paramètres!$C$18,Paramètres!$D$18)) -> 40794 | M90: =MIN(N($E90),Paramètres!$C$7)*Paramètres!$C$6 -> 7479.065 | N90: =MIN(M90,I90*Paramètres!$C$8) -> 7479.065 | O90: =I90*IF(K90="Cadre supérieur",Paramètres!$C$10,Paramètres!$C$9) -> 23797.25 | P90: =MAX(0,ROUNDDOWN(N($E90)-L90-N90-O90,-2)) -> 63900 | Q90: =SUMPRODUCT((P90>Paramètres!$B$21:$B$27)*(P90-Paramètres!$B$21:$B$27)*Paramètres!$E$21:$E$27) -> 4352.1 | R90: =Q90*INDEX(Paramètres!$C$31:$C$38,MIN(MAX(INT(N(J90)),0),7)+1) -> 0 | S90: =ROUND(Q90-R90,0) -> 4352 | T90: =ROUND(N($E90)*Paramètres!$C$13,0) -> 4079 | U90: =ROUND(MAX(0,N($E90)-(Q90-R90)-M90)*Paramètres!$C$12,0) -> 1242 | V90: =ROUND(N($E90)-M90-S90-U90,0) -> 122910
C91: ZEBO Hervé | E91: ='Juill-aout-sept 2026'!E89 -> 0 | F91: =MIN(ROUNDDOWN(N($E91)*Paramètres!$C$16,0),Paramètres!$D$16) -> 0 | G91: =MIN(ROUNDDOWN(N($E91)*Paramètres!$C$17,0),Paramètres!$D$17) -> 0 | H91: =MIN(ROUNDDOWN(N($E91)*Paramètres!$C$18,0),Paramètres!$D$18) -> 0 | I91: =N($E91)-(F91+G91+H91) -> 0 | J91: 0 | K91: =IF(I91<Paramètres!$C$11,"Cadre inférieur","Cadre supérieur") -> Cadre inférieur | L91: =MIN(F91,MIN(N($E91)*Paramètres!$C$16,Paramètres!$D$16))+MIN(G91,MIN(N($E91)*Paramètres!$C$17,Paramètres!$D$17))+MIN(H91,MIN(N($E91)*Paramètres!$C$18,Paramètres!$D$18)) -> 0 | M91: =MIN(N($E91),Paramètres!$C$7)*Paramètres!$C$6 -> 0 | N91: =MIN(M91,I91*Paramètres!$C$8) -> 0 | O91: =I91*IF(K91="Cadre supérieur",Paramètres!$C$10,Paramètres!$C$9) -> 0 | P91: =MAX(0,ROUNDDOWN(N($E91)-L91-N91-O91,-2)) -> 0 | Q91: =SUMPRODUCT((P91>Paramètres!$B$21:$B$27)*(P91-Paramètres!$B$21:$B$27)*Paramètres!$E$21:$E$27) -> 0 | R91: =Q91*INDEX(Paramètres!$C$31:$C$38,MIN(MAX(INT(N(J91)),0),7)+1) -> 0 | S91: =ROUND(Q91-R91,0) -> 0 | T91: =ROUND(N($E91)*Paramètres!$C$13,0) -> 0 | U91: =ROUND(MAX(0,N($E91)-(Q91-R91)-M91)*Paramètres!$C$12,0) -> 0 | V91: =ROUND(N($E91)-M91-S91-U91,0) -> 0
B92: 79 | C92: ZIBA Abdoul Rasmané | D92: 45778 | E92: ='Juill-aout-sept 2026'!E90 -> 231913 | F92: =MIN(ROUNDDOWN(N($E92)*Paramètres!$C$16,0),Paramètres!$D$16) -> 46382 | G92: =MIN(ROUNDDOWN(N($E92)*Paramètres!$C$17,0),Paramètres!$D$17) -> 11595 | H92: =MIN(ROUNDDOWN(N($E92)*Paramètres!$C$18,0),Paramètres!$D$18) -> 11595 | I92: =N($E92)-(F92+G92+H92) -> 162341 | J92: 0 | K92: =IF(I92<Paramètres!$C$11,"Cadre inférieur","Cadre supérieur") -> Cadre supérieur | L92: =MIN(F92,MIN(N($E92)*Paramètres!$C$16,Paramètres!$D$16))+MIN(G92,MIN(N($E92)*Paramètres!$C$17,Paramètres!$D$17))+MIN(H92,MIN(N($E92)*Paramètres!$C$18,Paramètres!$D$18)) -> 69572 | M92: =MIN(N($E92),Paramètres!$C$7)*Paramètres!$C$6 -> 12755.215 | N92: =MIN(M92,I92*Paramètres!$C$8) -> 12755.215 | O92: =I92*IF(K92="Cadre supérieur",Paramètres!$C$10,Paramètres!$C$9) -> 32468.2 | P92: =MAX(0,ROUNDDOWN(N($E92)-L92-N92-O92,-2)) -> 117100 | Q92: =SUMPRODUCT((P92>Paramètres!$B$21:$B$27)*(P92-Paramètres!$B$21:$B$27)*Paramètres!$E$21:$E$27) -> 12414.7 | R92: =Q92*INDEX(Paramètres!$C$31:$C$38,MIN(MAX(INT(N(J92)),0),7)+1) -> 0 | S92: =ROUND(Q92-R92,0) -> 12415 | T92: =ROUND(N($E92)*Paramètres!$C$13,0) -> 6957 | U92: =ROUND(MAX(0,N($E92)-(Q92-R92)-M92)*Paramètres!$C$12,0) -> 2067 | V92: =ROUND(N($E92)-M92-S92-U92,0) -> 204676
B93: 80 | C93: ZIDOUEMBA Latifou | D93: 46061 | E93: ='Juill-aout-sept 2026'!E91 -> 177387 | F93: =MIN(ROUNDDOWN(N($E93)*Paramètres!$C$16,0),Paramètres!$D$16) -> 35477 | G93: =MIN(ROUNDDOWN(N($E93)*Paramètres!$C$17,0),Paramètres!$D$17) -> 8869 | H93: =MIN(ROUNDDOWN(N($E93)*Paramètres!$C$18,0),Paramètres!$D$18) -> 8869 | I93: =N($E93)-(F93+G93+H93) -> 124172 | J93: 0 | K93: =IF(I93<Paramètres!$C$11,"Cadre inférieur","Cadre supérieur") -> Cadre inférieur | L93: =MIN(F93,MIN(N($E93)*Paramètres!$C$16,Paramètres!$D$16))+MIN(G93,MIN(N($E93)*Paramètres!$C$17,Paramètres!$D$17))+MIN(H93,MIN(N($E93)*Paramètres!$C$18,Paramètres!$D$18)) -> 53215 | M93: =MIN(N($E93),Paramètres!$C$7)*Paramètres!$C$6 -> 9756.285 | N93: =MIN(M93,I93*Paramètres!$C$8) -> 9756.285 | O93: =I93*IF(K93="Cadre supérieur",Paramètres!$C$10,Paramètres!$C$9) -> 31043 | P93: =MAX(0,ROUNDDOWN(N($E93)-L93-N93-O93,-2)) -> 83300 | Q93: =SUMPRODUCT((P93>Paramètres!$B$21:$B$27)*(P93-Paramètres!$B$21:$B$27)*Paramètres!$E$21:$E$27) -> 7108.1 | R93: =Q93*INDEX(Paramètres!$C$31:$C$38,MIN(MAX(INT(N(J93)),0),7)+1) -> 0 | S93: =ROUND(Q93-R93,0) -> 7108 | T93: =ROUND(N($E93)*Paramètres!$C$13,0) -> 5322 | U93: =ROUND(MAX(0,N($E93)-(Q93-R93)-M93)*Paramètres!$C$12,0) -> 1605 | V93: =ROUND(N($E93)-M93-S93-U93,0) -> 158918
B94: 81 | C94: ZOANGA Issa | D94: 46220 | E94: ='Juill-aout-sept 2026'!E92 -> 195484 | F94: =MIN(ROUNDDOWN(N($E94)*Paramètres!$C$16,0),Paramètres!$D$16) -> 39096 | G94: =MIN(ROUNDDOWN(N($E94)*Paramètres!$C$17,0),Paramètres!$D$17) -> 9774 | H94: =MIN(ROUNDDOWN(N($E94)*Paramètres!$C$18,0),Paramètres!$D$18) -> 9774 | I94: =N($E94)-(F94+G94+H94) -> 136840 | J94: 0 | K94: =IF(I94<Paramètres!$C$11,"Cadre inférieur","Cadre supérieur") -> Cadre inférieur | L94: =MIN(F94,MIN(N($E94)*Paramètres!$C$16,Paramètres!$D$16))+MIN(G94,MIN(N($E94)*Paramètres!$C$17,Paramètres!$D$17))+MIN(H94,MIN(N($E94)*Paramètres!$C$18,Paramètres!$D$18)) -> 58644 | M94: =MIN(N($E94),Paramètres!$C$7)*Paramètres!$C$6 -> 10751.62 | N94: =MIN(M94,I94*Paramètres!$C$8) -> 10751.62 | O94: =I94*IF(K94="Cadre supérieur",Paramètres!$C$10,Paramètres!$C$9) -> 34210 | P94: =MAX(0,ROUNDDOWN(N($E94)-L94-N94-O94,-2)) -> 91800 | Q94: =SUMPRODUCT((P94>Paramètres!$B$21:$B$27)*(P94-Paramètres!$B$21:$B$27)*Paramètres!$E$21:$E$27) -> 8442.6 | R94: =Q94*INDEX(Paramètres!$C$31:$C$38,MIN(MAX(INT(N(J94)),0),7)+1) -> 0 | S94: =ROUND(Q94-R94,0) -> 8443 | T94: =ROUND(N($E94)*Paramètres!$C$13,0) -> 5865 | U94: =ROUND(MAX(0,N($E94)-(Q94-R94)-M94)*Paramètres!$C$12,0) -> 1763 | V94: =ROUND(N($E94)-M94-S94-U94,0) -> 174526
B95: 82 | C95: ZOMBRE Ponde Paul | D95: 46174 | E95: ='Juill-aout-sept 2026'!E93 -> 0 | F95: =MIN(ROUNDDOWN(N($E95)*Paramètres!$C$16,0),Paramètres!$D$16) -> 0 | G95: =MIN(ROUNDDOWN(N($E95)*Paramètres!$C$17,0),Paramètres!$D$17) -> 0 | H95: =MIN(ROUNDDOWN(N($E95)*Paramètres!$C$18,0),Paramètres!$D$18) -> 0 | I95: =N($E95)-(F95+G95+H95) -> 0 | J95: 0 | K95: =IF(I95<Paramètres!$C$11,"Cadre inférieur","Cadre supérieur") -> Cadre inférieur | L95: =MIN(F95,MIN(N($E95)*Paramètres!$C$16,Paramètres!$D$16))+MIN(G95,MIN(N($E95)*Paramètres!$C$17,Paramètres!$D$17))+MIN(H95,MIN(N($E95)*Paramètres!$C$18,Paramètres!$D$18)) -> 0 | M95: =MIN(N($E95),Paramètres!$C$7)*Paramètres!$C$6 -> 0 | N95: =MIN(M95,I95*Paramètres!$C$8) -> 0 | O95: =I95*IF(K95="Cadre supérieur",Paramètres!$C$10,Paramètres!$C$9) -> 0 | P95: =MAX(0,ROUNDDOWN(N($E95)-L95-N95-O95,-2)) -> 0 | Q95: =SUMPRODUCT((P95>Paramètres!$B$21:$B$27)*(P95-Paramètres!$B$21:$B$27)*Paramètres!$E$21:$E$27) -> 0 | R95: =Q95*INDEX(Paramètres!$C$31:$C$38,MIN(MAX(INT(N(J95)),0),7)+1) -> 0 | S95: =ROUND(Q95-R95,0) -> 0 | T95: =ROUND(N($E95)*Paramètres!$C$13,0) -> 0 | U95: =ROUND(MAX(0,N($E95)-(Q95-R95)-M95)*Paramètres!$C$12,0) -> 0 | V95: =ROUND(N($E95)-M95-S95-U95,0) -> 0
B96: 83 | C96: ZONGO Arnaud | D96: 45784 | E96: ='Juill-aout-sept 2026'!E94 -> 108397 | F96: =MIN(ROUNDDOWN(N($E96)*Paramètres!$C$16,0),Paramètres!$D$16) -> 21679 | G96: =MIN(ROUNDDOWN(N($E96)*Paramètres!$C$17,0),Paramètres!$D$17) -> 5419 | H96: =MIN(ROUNDDOWN(N($E96)*Paramètres!$C$18,0),Paramètres!$D$18) -> 5419 | I96: =N($E96)-(F96+G96+H96) -> 75880 | J96: 0 | K96: =IF(I96<Paramètres!$C$11,"Cadre inférieur","Cadre supérieur") -> Cadre inférieur | L96: =MIN(F96,MIN(N($E96)*Paramètres!$C$16,Paramètres!$D$16))+MIN(G96,MIN(N($E96)*Paramètres!$C$17,Paramètres!$D$17))+MIN(H96,MIN(N($E96)*Paramètres!$C$18,Paramètres!$D$18)) -> 32517 | M96: =MIN(N($E96),Paramètres!$C$7)*Paramètres!$C$6 -> 5961.835 | N96: =MIN(M96,I96*Paramètres!$C$8) -> 5961.835 | O96: =I96*IF(K96="Cadre supérieur",Paramètres!$C$10,Paramètres!$C$9) -> 18970 | P96: =MAX(0,ROUNDDOWN(N($E96)-L96-N96-O96,-2)) -> 50900 | Q96: =SUMPRODUCT((P96>Paramètres!$B$21:$B$27)*(P96-Paramètres!$B$21:$B$27)*Paramètres!$E$21:$E$27) -> 2545.1 | R96: =Q96*INDEX(Paramètres!$C$31:$C$38,MIN(MAX(INT(N(J96)),0),7)+1) -> 0 | S96: =ROUND(Q96-R96,0) -> 2545 | T96: =ROUND(N($E96)*Paramètres!$C$13,0) -> 3252 | U96: =ROUND(MAX(0,N($E96)-(Q96-R96)-M96)*Paramètres!$C$12,0) -> 999 | V96: =ROUND(N($E96)-M96-S96-U96,0) -> 98891
B97: 84 | C97: ZONGO Soumaila | D97: 46183 | E97: ='Juill-aout-sept 2026'!E95 -> 80000 | F97: =MIN(ROUNDDOWN(N($E97)*Paramètres!$C$16,0),Paramètres!$D$16) -> 16000 | G97: =MIN(ROUNDDOWN(N($E97)*Paramètres!$C$17,0),Paramètres!$D$17) -> 4000 | H97: =MIN(ROUNDDOWN(N($E97)*Paramètres!$C$18,0),Paramètres!$D$18) -> 4000 | I97: =N($E97)-(F97+G97+H97) -> 56000 | J97: 0 | K97: =IF(I97<Paramètres!$C$11,"Cadre inférieur","Cadre supérieur") -> Cadre inférieur | L97: =MIN(F97,MIN(N($E97)*Paramètres!$C$16,Paramètres!$D$16))+MIN(G97,MIN(N($E97)*Paramètres!$C$17,Paramètres!$D$17))+MIN(H97,MIN(N($E97)*Paramètres!$C$18,Paramètres!$D$18)) -> 24000 | M97: =MIN(N($E97),Paramètres!$C$7)*Paramètres!$C$6 -> 4400 | N97: =MIN(M97,I97*Paramètres!$C$8) -> 4400 | O97: =I97*IF(K97="Cadre supérieur",Paramètres!$C$10,Paramètres!$C$9) -> 14000 | P97: =MAX(0,ROUNDDOWN(N($E97)-L97-N97-O97,-2)) -> 37600 | Q97: =SUMPRODUCT((P97>Paramètres!$B$21:$B$27)*(P97-Paramètres!$B$21:$B$27)*Paramètres!$E$21:$E$27) -> 919.6 | R97: =Q97*INDEX(Paramètres!$C$31:$C$38,MIN(MAX(INT(N(J97)),0),7)+1) -> 0 | S97: =ROUND(Q97-R97,0) -> 920 | T97: =ROUND(N($E97)*Paramètres!$C$13,0) -> 2400 | U97: =ROUND(MAX(0,N($E97)-(Q97-R97)-M97)*Paramètres!$C$12,0) -> 747 | V97: =ROUND(N($E97)-M97-S97-U97,0) -> 73933
C98: ZOROM Adama | E98: ='Juill-aout-sept 2026'!E96 -> 231913 | F98: =MIN(ROUNDDOWN(N($E98)*Paramètres!$C$16,0),Paramètres!$D$16) -> 46382 | G98: =MIN(ROUNDDOWN(N($E98)*Paramètres!$C$17,0),Paramètres!$D$17) -> 11595 | H98: =MIN(ROUNDDOWN(N($E98)*Paramètres!$C$18,0),Paramètres!$D$18) -> 11595 | I98: =N($E98)-(F98+G98+H98) -> 162341 | J98: 0 | K98: =IF(I98<Paramètres!$C$11,"Cadre inférieur","Cadre supérieur") -> Cadre supérieur | L98: =MIN(F98,MIN(N($E98)*Paramètres!$C$16,Paramètres!$D$16))+MIN(G98,MIN(N($E98)*Paramètres!$C$17,Paramètres!$D$17))+MIN(H98,MIN(N($E98)*Paramètres!$C$18,Paramètres!$D$18)) -> 69572 | M98: =MIN(N($E98),Paramètres!$C$7)*Paramètres!$C$6 -> 12755.215 | N98: =MIN(M98,I98*Paramètres!$C$8) -> 12755.215 | O98: =I98*IF(K98="Cadre supérieur",Paramètres!$C$10,Paramètres!$C$9) -> 32468.2 | P98: =MAX(0,ROUNDDOWN(N($E98)-L98-N98-O98,-2)) -> 117100 | Q98: =SUMPRODUCT((P98>Paramètres!$B$21:$B$27)*(P98-Paramètres!$B$21:$B$27)*Paramètres!$E$21:$E$27) -> 12414.7 | R98: =Q98*INDEX(Paramètres!$C$31:$C$38,MIN(MAX(INT(N(J98)),0),7)+1) -> 0 | S98: =ROUND(Q98-R98,0) -> 12415 | T98: =ROUND(N($E98)*Paramètres!$C$13,0) -> 6957 | U98: =ROUND(MAX(0,N($E98)-(Q98-R98)-M98)*Paramètres!$C$12,0) -> 2067 | V98: =ROUND(N($E98)-M98-S98-U98,0) -> 204676
B99: 85 | C99: ZOROM Daouda | D99: 45778 | E99: ='Juill-aout-sept 2026'!E97 -> 0 | F99: =MIN(ROUNDDOWN(N($E99)*Paramètres!$C$16,0),Paramètres!$D$16) -> 0 | G99: =MIN(ROUNDDOWN(N($E99)*Paramètres!$C$17,0),Paramètres!$D$17) -> 0 | H99: =MIN(ROUNDDOWN(N($E99)*Paramètres!$C$18,0),Paramètres!$D$18) -> 0 | I99: =N($E99)-(F99+G99+H99) -> 0 | J99: 0 | K99: =IF(I99<Paramètres!$C$11,"Cadre inférieur","Cadre supérieur") -> Cadre inférieur | L99: =MIN(F99,MIN(N($E99)*Paramètres!$C$16,Paramètres!$D$16))+MIN(G99,MIN(N($E99)*Paramètres!$C$17,Paramètres!$D$17))+MIN(H99,MIN(N($E99)*Paramètres!$C$18,Paramètres!$D$18)) -> 0 | M99: =MIN(N($E99),Paramètres!$C$7)*Paramètres!$C$6 -> 0 | N99: =MIN(M99,I99*Paramètres!$C$8) -> 0 | O99: =I99*IF(K99="Cadre supérieur",Paramètres!$C$10,Paramètres!$C$9) -> 0 | P99: =MAX(0,ROUNDDOWN(N($E99)-L99-N99-O99,-2)) -> 0 | Q99: =SUMPRODUCT((P99>Paramètres!$B$21:$B$27)*(P99-Paramètres!$B$21:$B$27)*Paramètres!$E$21:$E$27) -> 0 | R99: =Q99*INDEX(Paramètres!$C$31:$C$38,MIN(MAX(INT(N(J99)),0),7)+1) -> 0 | S99: =ROUND(Q99-R99,0) -> 0 | T99: =ROUND(N($E99)*Paramètres!$C$13,0) -> 0 | U99: =ROUND(MAX(0,N($E99)-(Q99-R99)-M99)*Paramètres!$C$12,0) -> 0 | V99: =ROUND(N($E99)-M99-S99-U99,0) -> 0
B100: Total par mois | E100: =SUM(E7:E99) -> 12800636 | F100: =SUM(F7:F99) -> 2403927 | G100: =SUM(G7:G99) -> 626671 | H100: =SUM(H7:H99) -> 640012 | I100: =SUM(I7:I99) -> 9130026 | L100: =SUM(L7:L99) -> 3670610 | M100: =SUM(M7:M99) -> 700359.33 | N100: =SUM(N7:N99) -> 700359.33 | O100: =SUM(O7:O99) -> 2108694 | P100: =SUM(P7:P99) -> 6318000 | Q100: =SUM(Q7:Q99) -> 688802.7 | R100: =SUM(R7:R99) -> 0 | S100: =SUM(S7:S99) -> 688802 | ... V100: =SUM(V7:V99) -> 11297364
B101: CUMUL depuis janvier | E101: =Juin!E17+E100 -> 22692781 | S101: =Juin!S17+S100 -> 1217656 | T101: =Juin!T17+T100 -> 680778 | U101: =Juin!U17+U100 -> 202300 | V101: =Juin!V17+V100 -> 20028399
C103: Hypothèses du calcul IUTS (modifiables) :
C104: • 0 charge de famille pour tous — colonne « Nb charges » à corriger au besoin.
C105: • Catégorie : salaire de base < 150 000 → cadre inférieur (abattement 25 %) ; sinon cadre supérieur (abattement 20 %).
C106: • Rosalaire = 1 % × (brut − IUTS − CNSS) ; net à payer = brut − CNSS − IUTS − Rosalaire ; TPA = 3 % du brut, à la charge de l'employeur.
C107: • Brut ventilé au maximum exonéré : logement 20 % (≤ 75 000), transport 5 % (≤ 30 000), fonction 5 % (≤ 50 000) du brut ; le reste = salaire de base.
C108: • Taux, plafonds et barème : onglet « Paramètres ». IUTS net arrondi au franc.

Sheet Août
B4: ETAT DES SALAIRES KS SARL
B5: Période: | D5: AOÛT 2026 | F5: Ventilation simulée (max. exonéré) | J5: Hypothèses | L5: Calcul IUTS | T5: TPA, Rosalaire et net
B6: N° | C6: Nom&Prénom | D6: DATE D'ENTREE | E6: Brut Août | F6: Ind. Logement | G6: Ind. Transport | H6: Ind. Fonction | I6: Salaire de base | J6: Nb charges | K6: Catégorie | L6: Montant exonéré | M6: CNSS salarié 5,5 % | N6: Déduction retraite | O6: Abattement forfaitaire | P6: Base imposable (arr. 100) | Q6: IUTS brut | R6: Réduction charges | S6: IUTS NET | T6: TPA 3 % (patronale) | U6: Rosalaire 1 % | V6: SALAIRE NET À PAYER
B7: 1 | C7: BAGAGNAN Salima | D7: 46242 | E7: ='Juill-aout-sept 2026'!F5 -> 80000 | F7: 7000 | G7: 2000 | H7: 2000 | I7: =N($E7)-(F7+G7+H7) -> 69000 | J7: 0 | K7: =IF(I7<Paramètres!$C$11,"Cadre inférieur","Cadre supérieur") -> Cadre inférieur | L7: =MIN(F7,MIN(N($E7)*Paramètres!$C$16,Paramètres!$D$16))+MIN(G7,MIN(N($E7)*Paramètres!$C$17,Paramètres!$D$17))+MIN(H7,MIN(N($E7)*Paramètres!$C$18,Paramètres!$D$18)) -> 11000 | M7: =MIN(N($E7),Paramètres!$C$7)*Paramètres!$C$6 -> 4400 | N7: =MIN(M7,I7*Paramètres!$C$8) -> 4400 | O7: =I7*IF(K7="Cadre supérieur",Paramètres!$C$10,Paramètres!$C$9) -> 17250 | P7: =MAX(0,ROUNDDOWN(N($E7)-L7-N7-O7,-2)) -> 47300 | Q7: =SUMPRODUCT((P7>Paramètres!$B$21:$B$27)*(P7-Paramètres!$B$21:$B$27)*Paramètres!$E$21:$E$27) -> 2093.3 | R7: =Q7*INDEX(Paramètres!$C$31:$C$38,MIN(MAX(INT(N(J7)),0),7)+1) -> 0 | S7: =ROUND(Q7-R7,0) -> 2093 | T7: =ROUND(N($E7)*Paramètres!$C$13,0) -> 2400 | U7: =ROUND(MAX(0,N($E7)-(Q7-R7)-M7)*Paramètres!$C$12,0) -> 735 | V7: =ROUND(N($E7)-M7-S7-U7,0) -> 72772
B8: 2 | C8: BANHORO Adama | D8: 46196 | E8: ='Juill-aout-sept 2026'!F6 -> 135983 | F8: =MIN(ROUNDDOWN(N($E8)*Paramètres!$C$16,0),Paramètres!$D$16) -> 27196 | G8: =MIN(ROUNDDOWN(N($E8)*Paramètres!$C$17,0),Paramètres!$D$17) -> 6799 | H8: =MIN(ROUNDDOWN(N($E8)*Paramètres!$C$18,0),Paramètres!$D$18) -> 6799 | I8: =N($E8)-(F8+G8+H8) -> 95189 | J8: 0 | K8: =IF(I8<Paramètres!$C$11,"Cadre inférieur","Cadre supérieur") -> Cadre inférieur | L8: =MIN(F8,MIN(N($E8)*Paramètres!$C$16,Paramètres!$D$16))+MIN(G8,MIN(N($E8)*Paramètres!$C$17,Paramètres!$D$17))+MIN(H8,MIN(N($E8)*Paramètres!$C$18,Paramètres!$D$18)) -> 40794 | M8: =MIN(N($E8),Paramètres!$C$7)*Paramètres!$C$6 -> 7479.065 | N8: =MIN(M8,I8*Paramètres!$C$8) -> 7479.065 | O8: =I8*IF(K8="Cadre supérieur",Paramètres!$C$10,Paramètres!$C$9) -> 23797.25 | P8: =MAX(0,ROUNDDOWN(N($E8)-L8-N8-O8,-2)) -> 63900 | Q8: =SUMPRODUCT((P8>Paramètres!$B$21:$B$27)*(P8-Paramètres!$B$21:$B$27)*Paramètres!$E$21:$E$27) -> 4352.1 | R8: =Q8*INDEX(Paramètres!$C$31:$C$38,MIN(MAX(INT(N(J8)),0),7)+1) -> 0 | S8: =ROUND(Q8-R8,0) -> 4352 | T8: =ROUND(N($E8)*Paramètres!$C$13,0) -> 4079 | U8: =ROUND(MAX(0,N($E8)-(Q8-R8)-M8)*Paramètres!$C$12,0) -> 1242 | V8: =ROUND(N($E8)-M8-S8-U8,0) -> 122910
B9: 3 | C9: BARRO Yacouba | D9: 46000 | E9: ='Juill-aout-sept 2026'!F7 -> 177387 | F9: =MIN(ROUNDDOWN(N($E9)*Paramètres!$C$16,0),Paramètres!$D$16) -> 35477 | G9: =MIN(ROUNDDOWN(N($E9)*Paramètres!$C$17,0),Paramètres!$D$17) -> 8869 | H9: =MIN(ROUNDDOWN(N($E9)*Paramètres!$C$18,0),Paramètres!$D$18) -> 8869 | I9: =N($E9)-(F9+G9+H9) -> 124172 | J9: 0 | K9: =IF(I9<Paramètres!$C$11,"Cadre inférieur","Cadre supérieur") -> Cadre inférieur | L9: =MIN(F9,MIN(N($E9)*Paramètres!$C$16,Paramètres!$D$16))+MIN(G9,MIN(N($E9)*Paramètres!$C$17,Paramètres!$D$17))+MIN(H9,MIN(N($E9)*Paramètres!$C$18,Paramètres!$D$18)) -> 53215 | M9: =MIN(N($E9),Paramètres!$C$7)*Paramètres!$C$6 -> 9756.285 | N9: =MIN(M9,I9*Paramètres!$C$8) -> 9756.285 | O9: =I9*IF(K9="Cadre supérieur",Paramètres!$C$10,Paramètres!$C$9) -> 31043 | P9: =MAX(0,ROUNDDOWN(N($E9)-L9-N9-O9,-2)) -> 83300 | Q9: =SUMPRODUCT((P9>Paramètres!$B$21:$B$27)*(P9-Paramètres!$B$21:$B$27)*Paramètres!$E$21:$E$27) -> 7108.1 | R9: =Q9*INDEX(Paramètres!$C$31:$C$38,MIN(MAX(INT(N(J9)),0),7)+1) -> 0 | S9: =ROUND(Q9-R9,0) -> 7108 | T9: =ROUND(N($E9)*Paramètres!$C$13,0) -> 5322 | U9: =ROUND(MAX(0,N($E9)-(Q9-R9)-M9)*Paramètres!$C$12,0) -> 1605 | V9: =ROUND(N($E9)-M9-S9-U9,0) -> 158918
